email,date,subject,messageId,event,reason,tag,ip,link,from,templateId
user9075@gmail.com,2025-02-06 03:09:25,Campaign Subject 19,<6d7aaebe@server>,clicks,Message sent,tag_9,72.236.96.200,https://example.com/campaign/6838,marketing@company.com,template_2
user3936@hotmail.com,2025-02-06 01:38:25,Campaign Subject 12,<a4b349c1@server>,opens,Message sent,tag_8,45.71.159.89,https://example.com/campaign/5210,marketing@company.com,template_5
user5087@outlook.com,2025-02-06 00:39:25,Campaign Subject 5,<f3d05d02@server>,spam,Message sent,tag_7,247.79.177.83,https://example.com/campaign/6165,marketing@company.com,template_5
user4261@hotmail.com,2025-02-05 22:47:25,Campaign Subject 6,<6017587f@server>,spam,Message sent,tag_8,65.122.56.68,https://example.com/campaign/5541,marketing@company.com,template_3
user9950@gmail.com,2025-02-05 22:38:25,Campaign Subject 10,<5d5eed9@server>,soft_bounces,Message sent,tag_2,219.39.43.126,https://example.com/campaign/3390,marketing@company.com,template_4
user4216@gmail.com,2025-02-05 22:30:25,Campaign Subject 18,<867a0987@server>,delivered,Message sent,tag_5,179.152.115.171,https://example.com/campaign/1099,marketing@company.com,template_2
user6002@outlook.com,2025-02-05 19:40:25,Campaign Subject 14,<5141b4be@server>,soft_bounces,Message sent,tag_8,231.96.72.4,https://example.com/campaign/7354,marketing@company.com,template_1
user8192@yahoo.com,2025-02-05 18:26:25,Campaign Subject 4,<71f195e5@server>,spam,Message sent,tag_1,177.218.226.135,https://example.com/campaign/6975,marketing@company.com,template_1
user2301@gmail.com,2025-02-05 13:56:25,Campaign Subject 3,<6d0e1511@server>,blocked,Domain blocked,tag_6,199.144.224.210,https://example.com/campaign/9114,marketing@company.com,template_3
user5678@yahoo.com,2025-02-05 12:28:25,Campaign Subject 14,<e7599aae@server>,spam,Message sent,tag_6,94.138.185.238,https://example.com/campaign/9997,marketing@company.com,template_1
user7892@outlook.com,2025-02-05 10:57:25,Campaign Subject 16,<35da9c3c@server>,invalid,Message sent,tag_1,6.248.118.196,https://example.com/campaign/2143,marketing@company.com,template_2
user9031@gmail.com,2025-02-05 10:29:25,Campaign Subject 14,<11120af8@server>,spam,Message sent,tag_1,51.64.21.50,https://example.com/campaign/4844,marketing@company.com,template_1
user5479@gmail.com,2025-02-05 10:06:25,Campaign Subject 3,<37c2fe4d@server>,spam,Message sent,tag_9,93.212.48.219,https://example.com/campaign/1520,marketing@company.com,template_4
user5300@company.com,2025-02-05 09:40:25,Campaign Subject 3,<1ef81dfc@server>,opens,Message sent,tag_7,61.119.245.29,https://example.com/campaign/6853,marketing@company.com,template_1
user5254@outlook.com,2025-02-05 09:05:25,Campaign Subject 18,<83e79a39@server>,blocked,Blocked by anti-spam,tag_6,45.202.216.233,https://example.com/campaign/3336,marketing@company.com,template_4
user4604@gmail.com,2025-02-05 07:51:25,Campaign Subject 17,<c5da2385@server>,clicks,Message sent,tag_5,194.234.79.206,https://example.com/campaign/7131,marketing@company.com,template_4
user3222@gmail.com,2025-02-05 07:44:25,Campaign Subject 5,<8f99191f@server>,spam,Message sent,tag_9,91.150.226.125,https://example.com/campaign/8481,marketing@company.com,template_3
user7981@gmail.com,2025-02-05 07:17:25,Campaign Subject 14,<efb90e6c@server>,spam,Message sent,tag_2,79.164.166.58,https://example.com/campaign/9375,marketing@company.com,template_2
user8273@outlook.com,2025-02-05 06:36:25,Campaign Subject 13,<7115cff4@server>,blocked,Blocked by anti-spam,tag_1,200.177.212.127,https://example.com/campaign/7804,marketing@company.com,template_2
user3059@gmail.com,2025-02-05 05:35:25,Campaign Subject 3,<118cfced@server>,invalid,Message sent,tag_9,199.103.130.254,https://example.com/campaign/5260,marketing@company.com,template_4
user8693@company.com,2025-02-05 05:10:25,Campaign Subject 12,<da1bf703@server>,soft_bounces,Message sent,tag_6,99.169.203.127,https://example.com/campaign/9059,marketing@company.com,template_1
user3081@gmail.com,2025-02-05 05:07:25,Campaign Subject 17,<c82a82c9@server>,blocked,Domain blocked,tag_4,149.230.214.206,https://example.com/campaign/7781,marketing@company.com,template_2
user6964@example.org,2025-02-05 04:27:25,Campaign Subject 11,<2a3eff97@server>,opens,Message sent,tag_2,100.253.194.166,https://example.com/campaign/1146,marketing@company.com,template_4
user8865@hotmail.com,2025-02-05 00:08:25,Campaign Subject 5,<eb73f39b@server>,soft_bounces,Message sent,tag_3,232.109.108.165,https://example.com/campaign/7253,marketing@company.com,template_4
user1696@example.org,2025-02-04 22:36:25,Campaign Subject 13,<fdfadaec@server>,opens,Message sent,tag_8,100.128.188.19,https://example.com/campaign/8583,marketing@company.com,template_2
user2316@gmail.com,2025-02-04 22:04:25,Campaign Subject 15,<22b1aae8@server>,blocked,IP blacklisted,tag_4,182.59.252.71,https://example.com/campaign/3696,marketing@company.com,template_2
user7896@gmail.com,2025-02-04 21:51:25,Campaign Subject 4,<e1d76043@server>,clicks,Message sent,tag_4,166.177.10.179,https://example.com/campaign/8960,marketing@company.com,template_4
user7552@hotmail.com,2025-02-04 15:05:25,Campaign Subject 1,<7b288f37@server>,bounces,Temporary failure,tag_5,198.215.182.64,https://example.com/campaign/7238,marketing@company.com,template_5
user3142@outlook.com,2025-02-04 13:48:25,Campaign Subject 17,<f6459ba7@server>,opens,Message sent,tag_8,161.197.247.96,https://example.com/campaign/5408,marketing@company.com,template_1
user6754@company.com,2025-02-04 13:41:25,Campaign Subject 20,<307eedf@server>,invalid,Message sent,tag_8,172.198.57.93,https://example.com/campaign/3494,marketing@company.com,template_2
user3108@gmail.com,2025-02-04 13:19:25,Campaign Subject 17,<8456e096@server>,clicks,Message sent,tag_7,59.122.219.169,https://example.com/campaign/1754,marketing@company.com,template_5
user3452@outlook.com,2025-02-04 13:11:25,Campaign Subject 16,<89cff3b4@server>,bounces,Invalid recipient,tag_3,76.129.210.83,https://example.com/campaign/2446,marketing@company.com,template_1
user6281@yahoo.com,2025-02-04 08:46:25,Campaign Subject 6,<af20e560@server>,invalid,Message sent,tag_9,188.69.182.198,https://example.com/campaign/2872,marketing@company.com,template_5
user2683@hotmail.com,2025-02-04 05:42:25,Campaign Subject 14,<91266940@server>,bounces,DNS failure,tag_6,145.197.63.137,https://example.com/campaign/6957,marketing@company.com,template_1
user1717@company.com,2025-02-04 05:11:25,Campaign Subject 5,<931993c3@server>,spam,Message sent,tag_2,219.196.55.189,https://example.com/campaign/1744,marketing@company.com,template_5
user9429@example.org,2025-02-04 04:30:25,Campaign Subject 15,<7d2aa87d@server>,opens,Message sent,tag_4,72.127.80.230,https://example.com/campaign/1940,marketing@company.com,template_2
user4619@gmail.com,2025-02-04 01:30:25,Campaign Subject 1,<be4a1c99@server>,opens,Message sent,tag_5,35.218.162.8,https://example.com/campaign/4754,marketing@company.com,template_5
user1712@company.com,2025-02-04 00:25:25,Campaign Subject 2,<ad5595b7@server>,delivered,Message sent,tag_2,151.203.19.236,https://example.com/campaign/3345,marketing@company.com,template_2
user8559@example.org,2025-02-03 20:18:25,Campaign Subject 16,<80cb9e04@server>,soft_bounces,Message sent,tag_9,173.171.9.232,https://example.com/campaign/5616,marketing@company.com,template_1
user9150@example.org,2025-02-03 15:13:25,Campaign Subject 8,<63e1f1e2@server>,bounces,Temporary failure,tag_3,201.197.13.176,https://example.com/campaign/6471,marketing@company.com,template_4
user9288@company.com,2025-02-03 13:45:25,Campaign Subject 14,<6bdc0a2a@server>,clicks,Message sent,tag_6,231.45.229.212,https://example.com/campaign/7269,marketing@company.com,template_5
user3572@outlook.com,2025-02-03 12:29:25,Campaign Subject 10,<71d6a57b@server>,spam,Message sent,tag_6,22.111.218.129,https://example.com/campaign/7777,marketing@company.com,template_3
user5046@yahoo.com,2025-02-03 12:28:25,Campaign Subject 8,<2db06e77@server>,opens,Message sent,tag_3,249.211.27.187,https://example.com/campaign/5270,marketing@company.com,template_3
user4351@hotmail.com,2025-02-03 11:07:25,Campaign Subject 6,<e1c4d0e4@server>,blocked,Blocked by anti-spam,tag_5,36.133.199.254,https://example.com/campaign/3637,marketing@company.com,template_1
user7623@hotmail.com,2025-02-03 09:07:25,Campaign Subject 6,<afaf89a4@server>,opens,Message sent,tag_5,153.72.142.99,https://example.com/campaign/8099,marketing@company.com,template_3
user9259@example.org,2025-02-03 05:29:25,Campaign Subject 6,<12dc2b56@server>,invalid,Message sent,tag_7,249.79.103.230,https://example.com/campaign/4113,marketing@company.com,template_3
user7601@gmail.com,2025-02-03 04:25:25,Campaign Subject 4,<e710b2ca@server>,soft_bounces,Message sent,tag_3,211.101.184.193,https://example.com/campaign/3324,marketing@company.com,template_4
user7396@outlook.com,2025-02-02 22:08:25,Campaign Subject 2,<8cbf19af@server>,opens,Message sent,tag_6,230.22.82.188,https://example.com/campaign/3038,marketing@company.com,template_2
user4547@yahoo.com,2025-02-02 21:16:25,Campaign Subject 12,<b992fef@server>,blocked,IP blacklisted,tag_1,66.192.168.213,https://example.com/campaign/8559,marketing@company.com,template_2
user2858@gmail.com,2025-02-02 20:30:25,Campaign Subject 17,<23a827f4@server>,blocked,Blocked by anti-spam,tag_5,156.121.39.89,https://example.com/campaign/4766,marketing@company.com,template_4
user8136@outlook.com,2025-02-02 20:17:25,Campaign Subject 5,<1cb42151@server>,soft_bounces,Message sent,tag_7,169.94.103.40,https://example.com/campaign/3550,marketing@company.com,template_1
user2466@hotmail.com,2025-02-02 18:52:25,Campaign Subject 2,<6188a030@server>,clicks,Message sent,tag_4,181.142.201.102,https://example.com/campaign/1586,marketing@company.com,template_1
user8327@hotmail.com,2025-02-02 17:51:25,Campaign Subject 11,<20c94a09@server>,invalid,Message sent,tag_5,193.177.102.166,https://example.com/campaign/8932,marketing@company.com,template_4
user4644@outlook.com,2025-02-02 16:00:25,Campaign Subject 12,<7f245b00@server>,spam,Message sent,tag_7,146.191.117.23,https://example.com/campaign/3902,marketing@company.com,template_3
user5449@example.org,2025-02-02 13:58:25,Campaign Subject 2,<4dce039a@server>,soft_bounces,Message sent,tag_2,29.103.177.59,https://example.com/campaign/1504,marketing@company.com,template_3
user2155@company.com,2025-02-02 13:58:25,Campaign Subject 16,<b5a8c74e@server>,soft_bounces,Message sent,tag_9,176.200.180.63,https://example.com/campaign/2022,marketing@company.com,template_1
user8956@outlook.com,2025-02-02 12:59:25,Campaign Subject 11,<7c7a4d83@server>,clicks,Message sent,tag_5,148.122.159.74,https://example.com/campaign/1751,marketing@company.com,template_1
user6646@example.org,2025-02-02 12:28:25,Campaign Subject 15,<d5420b79@server>,soft_bounces,Message sent,tag_9,250.122.81.186,https://example.com/campaign/2412,marketing@company.com,template_2
user3872@yahoo.com,2025-02-02 12:20:25,Campaign Subject 10,<919338c9@server>,clicks,Message sent,tag_1,177.100.118.2,https://example.com/campaign/2066,marketing@company.com,template_4
user2476@example.org,2025-02-02 11:28:25,Campaign Subject 15,<a7bdc3eb@server>,spam,Message sent,tag_1,211.71.215.148,https://example.com/campaign/6869,marketing@company.com,template_3
user7941@example.org,2025-02-02 10:54:25,Campaign Subject 12,<3e18ed6b@server>,spam,Message sent,tag_2,115.236.119.15,https://example.com/campaign/5442,marketing@company.com,template_5
user6699@gmail.com,2025-02-02 10:34:25,Campaign Subject 4,<94146e77@server>,invalid,Message sent,tag_3,177.175.8.122,https://example.com/campaign/4430,marketing@company.com,template_3
user8169@outlook.com,2025-02-02 10:14:25,Campaign Subject 12,<1844206f@server>,invalid,Message sent,tag_2,221.23.232.33,https://example.com/campaign/7537,marketing@company.com,template_2
user4602@hotmail.com,2025-02-02 07:41:25,Campaign Subject 13,<8f318614@server>,invalid,Message sent,tag_6,243.155.62.114,https://example.com/campaign/6854,marketing@company.com,template_3
user4241@hotmail.com,2025-02-02 06:54:25,Campaign Subject 19,<41e5d8c5@server>,invalid,Message sent,tag_4,75.67.67.63,https://example.com/campaign/7687,marketing@company.com,template_2
user6456@outlook.com,2025-02-02 06:18:25,Campaign Subject 8,<b9d07c68@server>,delivered,Message sent,tag_4,90.22.251.5,https://example.com/campaign/5736,marketing@company.com,template_2
user2157@gmail.com,2025-02-02 02:07:25,Campaign Subject 8,<d27fad93@server>,invalid,Message sent,tag_1,11.236.48.239,https://example.com/campaign/3078,marketing@company.com,template_2
user2042@yahoo.com,2025-02-02 01:51:25,Campaign Subject 16,<ccc2c242@server>,clicks,Message sent,tag_7,55.77.164.96,https://example.com/campaign/2141,marketing@company.com,template_4
user7160@example.org,2025-02-02 01:24:25,Campaign Subject 1,<de8581c3@server>,bounces,Temporary failure,tag_3,176.166.218.180,https://example.com/campaign/3313,marketing@company.com,template_2
user5839@gmail.com,2025-02-02 00:26:25,Campaign Subject 14,<895b504a@server>,clicks,Message sent,tag_10,150.77.46.65,https://example.com/campaign/2605,marketing@company.com,template_3
user8729@hotmail.com,2025-02-01 21:54:25,Campaign Subject 15,<2c956b93@server>,clicks,Message sent,tag_8,99.139.145.139,https://example.com/campaign/1048,marketing@company.com,template_4
user8626@outlook.com,2025-02-01 14:15:25,Campaign Subject 17,<4d152@server>,soft_bounces,Message sent,tag_9,6.245.215.196,https://example.com/campaign/2412,marketing@company.com,template_4
user4245@example.org,2025-02-01 09:54:25,Campaign Subject 12,<19dbabe2@server>,delivered,Message sent,tag_6,255.182.59.119,https://example.com/campaign/2342,marketing@company.com,template_4
user7359@example.org,2025-02-01 09:29:25,Campaign Subject 12,<88a50835@server>,delivered,Message sent,tag_1,106.69.214.107,https://example.com/campaign/9023,marketing@company.com,template_2
user2687@outlook.com,2025-02-01 07:46:25,Campaign Subject 13,<2f13b2e8@server>,blocked,IP blacklisted,tag_3,224.176.206.196,https://example.com/campaign/8917,marketing@company.com,template_5
user2457@example.org,2025-02-01 06:57:25,Campaign Subject 9,<76569d1f@server>,blocked,Domain blocked,tag_8,82.164.178.111,https://example.com/campaign/7680,marketing@company.com,template_5
user4843@gmail.com,2025-02-01 06:19:25,Campaign Subject 5,<f14996de@server>,spam,Message sent,tag_4,53.11.237.52,https://example.com/campaign/2225,marketing@company.com,template_4
user6537@outlook.com,2025-02-01 05:33:25,Campaign Subject 12,<e87e5f8f@server>,clicks,Message sent,tag_4,85.173.41.32,https://example.com/campaign/8276,marketing@company.com,template_1
user7577@yahoo.com,2025-02-01 05:22:25,Campaign Subject 12,<4d29d14f@server>,soft_bounces,Message sent,tag_2,243.232.65.35,https://example.com/campaign/4155,marketing@company.com,template_4
user8962@gmail.com,2025-02-01 05:22:25,Campaign Subject 10,<93cc38e2@server>,spam,Message sent,tag_2,138.121.63.183,https://example.com/campaign/6927,marketing@company.com,template_5
user2458@yahoo.com,2025-02-01 02:04:25,Campaign Subject 4,<7a0f396c@server>,clicks,Message sent,tag_9,232.218.124.123,https://example.com/campaign/4183,marketing@company.com,template_1
user9027@company.com,2025-01-31 23:56:25,Campaign Subject 14,<a216f1b@server>,blocked,Blocked by anti-spam,tag_7,61.175.252.111,https://example.com/campaign/7874,marketing@company.com,template_4
user4556@company.com,2025-01-31 23:38:25,Campaign Subject 10,<45890e01@server>,soft_bounces,Message sent,tag_7,249.123.119.38,https://example.com/campaign/6379,marketing@company.com,template_2
user3441@outlook.com,2025-01-31 23:27:25,Campaign Subject 7,<a8b8ea9b@server>,delivered,Message sent,tag_8,251.227.87.178,https://example.com/campaign/8481,marketing@company.com,template_4
user8588@gmail.com,2025-01-31 22:04:25,Campaign Subject 13,<e09cb7e6@server>,blocked,Domain blocked,tag_8,84.192.99.50,https://example.com/campaign/8030,marketing@company.com,template_1
user9041@hotmail.com,2025-01-31 21:27:25,Campaign Subject 20,<f48afcc0@server>,spam,Message sent,tag_8,81.115.187.2,https://example.com/campaign/2691,marketing@company.com,template_2
user9235@gmail.com,2025-01-31 21:24:25,Campaign Subject 16,<59a9a964@server>,delivered,Message sent,tag_4,25.56.80.99,https://example.com/campaign/6951,marketing@company.com,template_5
user3907@yahoo.com,2025-01-31 21:22:25,Campaign Subject 17,<5e319493@server>,clicks,Message sent,tag_3,57.25.17.218,https://example.com/campaign/8351,marketing@company.com,template_4
user6512@example.org,2025-01-31 20:32:25,Campaign Subject 5,<b7afb5f9@server>,spam,Message sent,tag_1,45.175.146.26,https://example.com/campaign/3080,marketing@company.com,template_4
user7306@yahoo.com,2025-01-31 20:17:25,Campaign Subject 11,<cbbf57ad@server>,invalid,Message sent,tag_9,44.195.111.173,https://example.com/campaign/4704,marketing@company.com,template_3
user6025@company.com,2025-01-31 18:10:25,Campaign Subject 6,<a4a11044@server>,opens,Message sent,tag_3,157.149.73.212,https://example.com/campaign/3684,marketing@company.com,template_1
user2696@company.com,2025-01-31 17:38:25,Campaign Subject 3,<404e2bfc@server>,opens,Message sent,tag_7,251.19.78.180,https://example.com/campaign/5150,marketing@company.com,template_3
user2598@yahoo.com,2025-01-31 17:10:25,Campaign Subject 17,<e11ecb68@server>,bounces,DNS failure,tag_5,212.201.125.17,https://example.com/campaign/1469,marketing@company.com,template_2
user1742@hotmail.com,2025-01-31 17:06:25,Campaign Subject 10,<820df38f@server>,opens,Message sent,tag_5,36.165.57.29,https://example.com/campaign/7312,marketing@company.com,template_5
user9696@yahoo.com,2025-01-31 15:25:25,Campaign Subject 3,<9c740247@server>,spam,Message sent,tag_9,55.127.214.219,https://example.com/campaign/9691,marketing@company.com,template_2
user6691@company.com,2025-01-31 14:50:25,Campaign Subject 7,<ea373e89@server>,spam,Message sent,tag_8,58.83.164.148,https://example.com/campaign/3793,marketing@company.com,template_4
user2846@yahoo.com,2025-01-31 14:15:25,Campaign Subject 11,<f8158c3d@server>,opens,Message sent,tag_10,222.142.137.36,https://example.com/campaign/6393,marketing@company.com,template_3
user9070@company.com,2025-01-31 13:44:25,Campaign Subject 15,<53725746@server>,blocked,IP blacklisted,tag_1,229.185.178.35,https://example.com/campaign/4762,marketing@company.com,template_1
user3303@company.com,2025-01-31 11:43:25,Campaign Subject 5,<d947067a@server>,blocked,IP blacklisted,tag_9,132.86.158.135,https://example.com/campaign/1570,marketing@company.com,template_3
user7977@yahoo.com,2025-01-31 11:16:25,Campaign Subject 17,<9b460267@server>,delivered,Message sent,tag_7,11.227.136.221,https://example.com/campaign/7788,marketing@company.com,template_4
user7383@outlook.com,2025-01-31 10:50:25,Campaign Subject 13,<f4d66ebb@server>,bounces,Mailbox full,tag_1,95.241.225.235,https://example.com/campaign/8348,marketing@company.com,template_3
user4097@example.org,2025-01-31 08:05:25,Campaign Subject 8,<e44020d7@server>,clicks,Message sent,tag_2,91.230.196.25,https://example.com/campaign/5143,marketing@company.com,template_1
user6038@yahoo.com,2025-01-31 06:23:25,Campaign Subject 6,<2461dd57@server>,clicks,Message sent,tag_5,191.144.145.58,https://example.com/campaign/7024,marketing@company.com,template_4
user1916@yahoo.com,2025-01-31 04:54:25,Campaign Subject 14,<ad543193@server>,blocked,Blocked by anti-spam,tag_1,47.225.142.193,https://example.com/campaign/8799,marketing@company.com,template_2
user1155@outlook.com,2025-01-31 04:42:25,Campaign Subject 15,<70f0e1cb@server>,delivered,Message sent,tag_5,167.19.25.172,https://example.com/campaign/8815,marketing@company.com,template_2
user7311@yahoo.com,2025-01-31 04:33:25,Campaign Subject 19,<bf957ba@server>,spam,Message sent,tag_10,28.83.58.11,https://example.com/campaign/4472,marketing@company.com,template_1
user4173@example.org,2025-01-31 03:58:25,Campaign Subject 9,<6933aaed@server>,bounces,DNS failure,tag_6,95.4.225.203,https://example.com/campaign/6254,marketing@company.com,template_2
user1718@gmail.com,2025-01-31 01:26:25,Campaign Subject 10,<963806b8@server>,clicks,Message sent,tag_2,160.59.152.124,https://example.com/campaign/2519,marketing@company.com,template_5
user3982@yahoo.com,2025-01-30 23:16:25,Campaign Subject 10,<36d04c84@server>,soft_bounces,Message sent,tag_2,179.90.17.138,https://example.com/campaign/2776,marketing@company.com,template_1
user5612@example.org,2025-01-30 18:12:25,Campaign Subject 10,<f4401f51@server>,blocked,Blocked by anti-spam,tag_2,117.208.120.101,https://example.com/campaign/9026,marketing@company.com,template_5
user3434@gmail.com,2025-01-30 17:06:25,Campaign Subject 19,<77084a34@server>,delivered,Message sent,tag_1,236.247.52.243,https://example.com/campaign/8890,marketing@company.com,template_3
user1667@hotmail.com,2025-01-30 16:12:25,Campaign Subject 12,<9372b1ca@server>,clicks,Message sent,tag_10,106.233.218.144,https://example.com/campaign/5918,marketing@company.com,template_2
user2763@company.com,2025-01-30 15:28:25,Campaign Subject 1,<86227e19@server>,delivered,Message sent,tag_2,38.106.196.90,https://example.com/campaign/1569,marketing@company.com,template_5
user6142@example.org,2025-01-30 15:24:25,Campaign Subject 7,<ee92b746@server>,clicks,Message sent,tag_10,141.23.207.179,https://example.com/campaign/9744,marketing@company.com,template_5
user4026@yahoo.com,2025-01-30 12:42:25,Campaign Subject 13,<cdb80f05@server>,blocked,Domain blocked,tag_1,217.39.224.26,https://example.com/campaign/8354,marketing@company.com,template_3
user8813@gmail.com,2025-01-30 07:31:25,Campaign Subject 10,<fff33fb4@server>,bounces,DNS failure,tag_4,233.114.18.33,https://example.com/campaign/3119,marketing@company.com,template_3
user4858@company.com,2025-01-30 06:22:25,Campaign Subject 9,<1e9850c@server>,delivered,Message sent,tag_5,65.203.188.142,https://example.com/campaign/9241,marketing@company.com,template_2
user2975@gmail.com,2025-01-30 05:14:25,Campaign Subject 13,<ff8fe6ac@server>,delivered,Message sent,tag_5,10.203.212.45,https://example.com/campaign/8377,marketing@company.com,template_1
user5569@outlook.com,2025-01-30 04:43:25,Campaign Subject 1,<2e30f9d9@server>,clicks,Message sent,tag_3,27.145.118.36,https://example.com/campaign/4900,marketing@company.com,template_1
user1825@gmail.com,2025-01-30 04:35:25,Campaign Subject 20,<720e769a@server>,delivered,Message sent,tag_9,64.79.43.85,https://example.com/campaign/8701,marketing@company.com,template_5
user9775@yahoo.com,2025-01-30 03:08:25,Campaign Subject 13,<31b39b82@server>,soft_bounces,Message sent,tag_5,180.204.79.73,https://example.com/campaign/8186,marketing@company.com,template_5
user7226@company.com,2025-01-30 02:57:25,Campaign Subject 18,<f6552a16@server>,soft_bounces,Message sent,tag_6,154.112.136.63,https://example.com/campaign/8070,marketing@company.com,template_5
user8927@hotmail.com,2025-01-30 02:35:25,Campaign Subject 16,<78fca4a2@server>,blocked,IP blacklisted,tag_7,11.188.190.43,https://example.com/campaign/8093,marketing@company.com,template_4
user2642@yahoo.com,2025-01-30 02:03:25,Campaign Subject 5,<3a8de85d@server>,opens,Message sent,tag_1,152.225.64.212,https://example.com/campaign/5585,marketing@company.com,template_1
user5067@example.org,2025-01-30 01:24:25,Campaign Subject 20,<bb637421@server>,soft_bounces,Message sent,tag_6,208.16.38.24,https://example.com/campaign/1065,marketing@company.com,template_4
user2844@yahoo.com,2025-01-29 22:09:25,Campaign Subject 15,<bc77e0b7@server>,delivered,Message sent,tag_6,245.93.154.202,https://example.com/campaign/5767,marketing@company.com,template_1
user1690@example.org,2025-01-29 21:29:25,Campaign Subject 1,<821ca7bb@server>,invalid,Message sent,tag_3,189.85.238.39,https://example.com/campaign/2369,marketing@company.com,template_4
user7424@yahoo.com,2025-01-29 18:36:25,Campaign Subject 9,<febf3d83@server>,bounces,Invalid recipient,tag_1,133.144.40.124,https://example.com/campaign/8981,marketing@company.com,template_4
user4493@company.com,2025-01-29 18:19:25,Campaign Subject 9,<41a87957@server>,blocked,IP blacklisted,tag_3,113.223.10.106,https://example.com/campaign/3682,marketing@company.com,template_5
user2578@example.org,2025-01-29 17:24:25,Campaign Subject 3,<4a9305f0@server>,opens,Message sent,tag_5,98.245.108.135,https://example.com/campaign/7551,marketing@company.com,template_2
user5108@hotmail.com,2025-01-29 09:52:25,Campaign Subject 9,<7cea7958@server>,clicks,Message sent,tag_6,45.27.224.54,https://example.com/campaign/5584,marketing@company.com,template_2
user8512@company.com,2025-01-29 09:15:25,Campaign Subject 15,<41419d89@server>,blocked,IP blacklisted,tag_8,173.146.102.198,https://example.com/campaign/3985,marketing@company.com,template_4
user4811@example.org,2025-01-29 09:04:25,Campaign Subject 13,<1524d950@server>,opens,Message sent,tag_4,28.118.142.212,https://example.com/campaign/4348,marketing@company.com,template_5
user7405@yahoo.com,2025-01-29 05:06:25,Campaign Subject 8,<f7c28701@server>,soft_bounces,Message sent,tag_5,124.209.17.222,https://example.com/campaign/3950,marketing@company.com,template_1
user9735@outlook.com,2025-01-29 05:04:25,Campaign Subject 4,<6b331350@server>,blocked,IP blacklisted,tag_3,172.37.225.57,https://example.com/campaign/7427,marketing@company.com,template_3
user3733@example.org,2025-01-29 02:29:25,Campaign Subject 6,<d7127628@server>,blocked,Blocked by anti-spam,tag_10,158.235.149.188,https://example.com/campaign/6063,marketing@company.com,template_2
user3536@hotmail.com,2025-01-29 02:03:25,Campaign Subject 2,<4b2a887@server>,spam,Message sent,tag_5,223.128.242.185,https://example.com/campaign/8148,marketing@company.com,template_3
user5454@company.com,2025-01-29 01:32:25,Campaign Subject 5,<a6ae9366@server>,blocked,Blocked by anti-spam,tag_9,232.31.193.19,https://example.com/campaign/3349,marketing@company.com,template_5
user3669@yahoo.com,2025-01-29 01:30:25,Campaign Subject 1,<95f861f2@server>,bounces,Mailbox full,tag_2,10.134.250.79,https://example.com/campaign/1621,marketing@company.com,template_4
user7975@hotmail.com,2025-01-29 00:23:25,Campaign Subject 5,<a5d3b18f@server>,soft_bounces,Message sent,tag_7,255.243.141.234,https://example.com/campaign/1571,marketing@company.com,template_2
user4166@yahoo.com,2025-01-28 23:46:25,Campaign Subject 13,<37527ba1@server>,blocked,Blocked by anti-spam,tag_6,122.76.15.73,https://example.com/campaign/6384,marketing@company.com,template_5
user2559@yahoo.com,2025-01-28 23:23:25,Campaign Subject 12,<e3a9dba6@server>,blocked,Blocked by anti-spam,tag_1,150.55.143.195,https://example.com/campaign/5604,marketing@company.com,template_5
user4756@company.com,2025-01-28 22:46:25,Campaign Subject 11,<60ff9ff9@server>,invalid,Message sent,tag_10,84.193.226.31,https://example.com/campaign/9560,marketing@company.com,template_1
user8952@example.org,2025-01-28 22:31:25,Campaign Subject 4,<79bf9fa2@server>,invalid,Message sent,tag_5,75.173.216.118,https://example.com/campaign/9030,marketing@company.com,template_1
user4509@company.com,2025-01-28 21:51:25,Campaign Subject 20,<f1bb6f7@server>,blocked,Domain blocked,tag_2,160.232.23.56,https://example.com/campaign/9239,marketing@company.com,template_2
user7777@example.org,2025-01-28 18:53:25,Campaign Subject 20,<ec585bb5@server>,delivered,Message sent,tag_9,198.133.48.220,https://example.com/campaign/3436,marketing@company.com,template_3
user6272@company.com,2025-01-28 15:57:25,Campaign Subject 11,<383a97e1@server>,opens,Message sent,tag_9,230.81.119.88,https://example.com/campaign/4146,marketing@company.com,template_2
user1955@example.org,2025-01-28 15:06:25,Campaign Subject 14,<2e05d654@server>,bounces,Temporary failure,tag_6,194.38.244.3,https://example.com/campaign/7673,marketing@company.com,template_3
user7426@yahoo.com,2025-01-28 10:07:25,Campaign Subject 7,<ef35155@server>,delivered,Message sent,tag_4,167.99.151.57,https://example.com/campaign/2512,marketing@company.com,template_2
user7756@company.com,2025-01-28 09:52:25,Campaign Subject 9,<5532f3a3@server>,invalid,Message sent,tag_4,196.216.222.174,https://example.com/campaign/2702,marketing@company.com,template_4
user7024@outlook.com,2025-01-28 06:54:25,Campaign Subject 7,<e80d7f38@server>,invalid,Message sent,tag_9,181.50.226.21,https://example.com/campaign/7957,marketing@company.com,template_4
user8261@yahoo.com,2025-01-28 05:20:25,Campaign Subject 10,<bae949c8@server>,spam,Message sent,tag_10,26.204.205.141,https://example.com/campaign/3341,marketing@company.com,template_1
user2417@outlook.com,2025-01-28 02:47:25,Campaign Subject 6,<26047f9a@server>,soft_bounces,Message sent,tag_10,255.198.62.198,https://example.com/campaign/9851,marketing@company.com,template_3
user3122@outlook.com,2025-01-28 02:20:25,Campaign Subject 17,<1a1dbfbb@server>,bounces,Invalid recipient,tag_1,219.175.132.24,https://example.com/campaign/8154,marketing@company.com,template_3
user5923@outlook.com,2025-01-28 02:18:25,Campaign Subject 11,<1ad455b5@server>,blocked,Domain blocked,tag_1,89.75.215.43,https://example.com/campaign/1295,marketing@company.com,template_2
user2445@outlook.com,2025-01-27 23:54:25,Campaign Subject 11,<e4210562@server>,clicks,Message sent,tag_7,248.176.60.52,https://example.com/campaign/6986,marketing@company.com,template_4
user4042@outlook.com,2025-01-27 16:12:25,Campaign Subject 6,<d7b74d80@server>,soft_bounces,Message sent,tag_6,60.140.145.253,https://example.com/campaign/6890,marketing@company.com,template_1
user5173@outlook.com,2025-01-27 16:01:25,Campaign Subject 7,<e88f5947@server>,opens,Message sent,tag_5,78.8.157.124,https://example.com/campaign/9230,marketing@company.com,template_1
user6975@example.org,2025-01-27 15:59:25,Campaign Subject 13,<fe7e3959@server>,blocked,Domain blocked,tag_7,108.98.29.41,https://example.com/campaign/9923,marketing@company.com,template_4
user3386@yahoo.com,2025-01-27 15:56:25,Campaign Subject 11,<f863bb05@server>,bounces,Invalid recipient,tag_1,49.147.2.208,https://example.com/campaign/8035,marketing@company.com,template_2
user3221@example.org,2025-01-27 14:54:25,Campaign Subject 18,<314c4c0e@server>,opens,Message sent,tag_4,228.172.154.123,https://example.com/campaign/3061,marketing@company.com,template_5
user5527@hotmail.com,2025-01-27 09:59:25,Campaign Subject 2,<becc3fef@server>,opens,Message sent,tag_10,245.197.193.49,https://example.com/campaign/5488,marketing@company.com,template_5
user7411@yahoo.com,2025-01-27 08:11:25,Campaign Subject 5,<4a52f17b@server>,opens,Message sent,tag_8,220.217.157.78,https://example.com/campaign/3096,marketing@company.com,template_5
user2251@outlook.com,2025-01-27 04:06:25,Campaign Subject 20,<50e51bf9@server>,clicks,Message sent,tag_8,66.129.168.39,https://example.com/campaign/6239,marketing@company.com,template_2
user5673@yahoo.com,2025-01-27 03:49:25,Campaign Subject 10,<801cf2c2@server>,delivered,Message sent,tag_4,164.71.186.95,https://example.com/campaign/1059,marketing@company.com,template_1
user2372@gmail.com,2025-01-27 03:20:25,Campaign Subject 15,<7a4baaeb@server>,opens,Message sent,tag_8,181.240.83.11,https://example.com/campaign/4004,marketing@company.com,template_2
user4411@company.com,2025-01-27 01:37:25,Campaign Subject 17,<338fa719@server>,invalid,Message sent,tag_7,4.207.91.11,https://example.com/campaign/9714,marketing@company.com,template_3
user9880@outlook.com,2025-01-26 23:54:25,Campaign Subject 14,<9d1e4a92@server>,bounces,Mailbox full,tag_4,39.231.237.60,https://example.com/campaign/5962,marketing@company.com,template_1
user8754@outlook.com,2025-01-26 22:05:25,Campaign Subject 12,<8d71c6f7@server>,clicks,Message sent,tag_1,192.120.251.200,https://example.com/campaign/7965,marketing@company.com,template_1
user2410@outlook.com,2025-01-26 21:43:25,Campaign Subject 7,<3ccc69f5@server>,blocked,Domain blocked,tag_7,239.70.118.115,https://example.com/campaign/4656,marketing@company.com,template_5
user1740@company.com,2025-01-26 20:39:25,Campaign Subject 19,<2afbd14c@server>,bounces,Invalid recipient,tag_10,92.52.141.158,https://example.com/campaign/8762,marketing@company.com,template_2
user4682@hotmail.com,2025-01-26 20:23:25,Campaign Subject 14,<d6263705@server>,delivered,Message sent,tag_8,193.228.11.211,https://example.com/campaign/5682,marketing@company.com,template_2
user9448@gmail.com,2025-01-26 15:32:25,Campaign Subject 9,<12b837bb@server>,delivered,Message sent,tag_8,243.224.58.142,https://example.com/campaign/1966,marketing@company.com,template_4
user5902@company.com,2025-01-26 15:06:25,Campaign Subject 15,<f5391ef7@server>,clicks,Message sent,tag_10,234.128.5.232,https://example.com/campaign/2726,marketing@company.com,template_4
user1746@example.org,2025-01-26 14:11:25,Campaign Subject 13,<e8007f65@server>,delivered,Message sent,tag_10,189.172.173.89,https://example.com/campaign/4836,marketing@company.com,template_1
user9083@gmail.com,2025-01-26 13:52:25,Campaign Subject 14,<22d3acd5@server>,bounces,Invalid recipient,tag_7,54.226.160.9,https://example.com/campaign/2184,marketing@company.com,template_3
user7244@company.com,2025-01-26 13:51:25,Campaign Subject 4,<15e7773d@server>,bounces,Invalid recipient,tag_8,161.74.132.89,https://example.com/campaign/2328,marketing@company.com,template_1
user5587@gmail.com,2025-01-26 13:44:25,Campaign Subject 5,<4705923f@server>,bounces,Temporary failure,tag_10,206.182.49.244,https://example.com/campaign/5308,marketing@company.com,template_4
user6842@gmail.com,2025-01-26 13:05:25,Campaign Subject 12,<49a53e0f@server>,spam,Message sent,tag_8,141.91.67.73,https://example.com/campaign/1160,marketing@company.com,template_5
user6292@yahoo.com,2025-01-26 08:39:25,Campaign Subject 19,<75f294df@server>,invalid,Message sent,tag_10,126.60.106.5,https://example.com/campaign/9685,marketing@company.com,template_2
user5820@company.com,2025-01-26 07:40:25,Campaign Subject 6,<e7e1635e@server>,soft_bounces,Message sent,tag_5,27.38.176.175,https://example.com/campaign/2819,marketing@company.com,template_3
user8546@hotmail.com,2025-01-26 05:59:25,Campaign Subject 2,<396da3b6@server>,bounces,Invalid recipient,tag_8,135.49.119.219,https://example.com/campaign/1111,marketing@company.com,template_2
user2726@gmail.com,2025-01-26 05:41:25,Campaign Subject 20,<e9e51904@server>,soft_bounces,Message sent,tag_5,15.53.252.198,https://example.com/campaign/8344,marketing@company.com,template_1
user3550@hotmail.com,2025-01-26 04:00:25,Campaign Subject 10,<81becc03@server>,blocked,Domain blocked,tag_6,39.202.17.166,https://example.com/campaign/7636,marketing@company.com,template_4
user1274@company.com,2025-01-26 03:32:25,Campaign Subject 12,<1ed7a442@server>,bounces,Temporary failure,tag_3,104.168.170.160,https://example.com/campaign/8154,marketing@company.com,template_4
user5655@outlook.com,2025-01-26 02:42:25,Campaign Subject 1,<401fc9d9@server>,spam,Message sent,tag_4,190.183.151.202,https://example.com/campaign/8064,marketing@company.com,template_4
user8262@company.com,2025-01-25 23:51:25,Campaign Subject 18,<855e21dd@server>,bounces,Temporary failure,tag_5,249.25.101.131,https://example.com/campaign/7709,marketing@company.com,template_4
user1489@gmail.com,2025-01-25 23:44:25,Campaign Subject 8,<1d12f87c@server>,blocked,IP blacklisted,tag_10,184.243.187.38,https://example.com/campaign/7963,marketing@company.com,template_5
user2698@gmail.com,2025-01-25 23:34:25,Campaign Subject 3,<bb323a74@server>,soft_bounces,Message sent,tag_1,153.104.164.244,https://example.com/campaign/6369,marketing@company.com,template_2
user8118@yahoo.com,2025-01-25 21:50:25,Campaign Subject 2,<7d0a81f6@server>,spam,Message sent,tag_1,53.71.176.58,https://example.com/campaign/8644,marketing@company.com,template_5
user6991@example.org,2025-01-25 21:39:25,Campaign Subject 2,<c86030fd@server>,delivered,Message sent,tag_6,186.125.29.237,https://example.com/campaign/4706,marketing@company.com,template_3
user4994@hotmail.com,2025-01-25 19:06:25,Campaign Subject 17,<b2421f28@server>,bounces,Temporary failure,tag_8,39.237.219.116,https://example.com/campaign/5420,marketing@company.com,template_4
user6219@hotmail.com,2025-01-25 19:00:25,Campaign Subject 13,<177515f1@server>,delivered,Message sent,tag_8,39.193.59.243,https://example.com/campaign/3969,marketing@company.com,template_4
user6593@example.org,2025-01-25 16:33:25,Campaign Subject 19,<302879b2@server>,soft_bounces,Message sent,tag_10,210.49.57.42,https://example.com/campaign/3497,marketing@company.com,template_5
user3487@outlook.com,2025-01-25 15:35:25,Campaign Subject 19,<296c36d@server>,spam,Message sent,tag_7,80.141.39.26,https://example.com/campaign/2917,marketing@company.com,template_3
user7729@outlook.com,2025-01-25 13:57:25,Campaign Subject 16,<1821e746@server>,opens,Message sent,tag_4,160.187.30.225,https://example.com/campaign/3585,marketing@company.com,template_4
user7237@company.com,2025-01-25 12:29:25,Campaign Subject 6,<768d20e6@server>,opens,Message sent,tag_3,219.143.208.32,https://example.com/campaign/1643,marketing@company.com,template_2
user8878@company.com,2025-01-25 11:55:25,Campaign Subject 10,<d4d3843d@server>,clicks,Message sent,tag_10,163.254.229.109,https://example.com/campaign/6162,marketing@company.com,template_1
user5125@hotmail.com,2025-01-25 11:01:25,Campaign Subject 16,<bf745477@server>,invalid,Message sent,tag_4,16.202.227.255,https://example.com/campaign/8098,marketing@company.com,template_5
user3660@hotmail.com,2025-01-25 10:26:25,Campaign Subject 2,<797a6f7f@server>,spam,Message sent,tag_2,61.131.84.140,https://example.com/campaign/1136,marketing@company.com,template_4
user1927@example.org,2025-01-25 09:40:25,Campaign Subject 18,<1c1eeefa@server>,delivered,Message sent,tag_7,76.46.53.86,https://example.com/campaign/4759,marketing@company.com,template_5
user6855@yahoo.com,2025-01-25 02:41:25,Campaign Subject 7,<a62d8295@server>,opens,Message sent,tag_7,152.91.214.139,https://example.com/campaign/6524,marketing@company.com,template_3
user5996@gmail.com,2025-01-25 01:55:25,Campaign Subject 3,<1567dc4a@server>,spam,Message sent,tag_10,231.142.203.184,https://example.com/campaign/2492,marketing@company.com,template_4
user8299@example.org,2025-01-25 01:41:25,Campaign Subject 6,<7c3f88c4@server>,bounces,DNS failure,tag_7,228.222.143.61,https://example.com/campaign/4486,marketing@company.com,template_4
user1296@gmail.com,2025-01-25 00:15:25,Campaign Subject 13,<6b0db5bf@server>,spam,Message sent,tag_1,111.229.225.121,https://example.com/campaign/6949,marketing@company.com,template_2
user6872@gmail.com,2025-01-24 21:08:25,Campaign Subject 10,<9bb723ef@server>,soft_bounces,Message sent,tag_8,123.158.153.194,https://example.com/campaign/6752,marketing@company.com,template_5
user7927@hotmail.com,2025-01-24 18:50:25,Campaign Subject 7,<b1797831@server>,soft_bounces,Message sent,tag_9,204.51.72.158,https://example.com/campaign/8573,marketing@company.com,template_5
user2099@outlook.com,2025-01-24 18:23:25,Campaign Subject 3,<f01150c6@server>,invalid,Message sent,tag_6,25.79.203.35,https://example.com/campaign/8196,marketing@company.com,template_2
user2693@hotmail.com,2025-01-24 18:14:25,Campaign Subject 6,<46fd9a21@server>,opens,Message sent,tag_9,71.121.34.26,https://example.com/campaign/8083,marketing@company.com,template_3
user2258@outlook.com,2025-01-24 16:37:25,Campaign Subject 7,<52af5e07@server>,spam,Message sent,tag_6,247.15.196.126,https://example.com/campaign/5893,marketing@company.com,template_4
user3849@hotmail.com,2025-01-24 11:09:25,Campaign Subject 9,<3a9908fb@server>,invalid,Message sent,tag_8,216.90.206.58,https://example.com/campaign/6510,marketing@company.com,template_3
user5512@outlook.com,2025-01-24 10:53:25,Campaign Subject 7,<858520a@server>,opens,Message sent,tag_3,46.21.222.90,https://example.com/campaign/7279,marketing@company.com,template_5
user9522@yahoo.com,2025-01-24 09:49:25,Campaign Subject 19,<faa3590d@server>,opens,Message sent,tag_8,252.126.91.2,https://example.com/campaign/7716,marketing@company.com,template_2
user3589@yahoo.com,2025-01-24 09:31:25,Campaign Subject 18,<b0d518d8@server>,soft_bounces,Message sent,tag_10,25.96.8.134,https://example.com/campaign/5047,marketing@company.com,template_1
user6100@example.org,2025-01-24 03:41:25,Campaign Subject 17,<1fea0e18@server>,bounces,Temporary failure,tag_3,175.152.65.82,https://example.com/campaign/3959,marketing@company.com,template_5
user8873@gmail.com,2025-01-24 02:22:25,Campaign Subject 12,<91585f6@server>,soft_bounces,Message sent,tag_8,221.140.140.207,https://example.com/campaign/4835,marketing@company.com,template_2
user6878@company.com,2025-01-24 02:11:25,Campaign Subject 15,<5991fc1c@server>,opens,Message sent,tag_10,199.95.253.61,https://example.com/campaign/7498,marketing@company.com,template_2
user5728@outlook.com,2025-01-24 01:37:25,Campaign Subject 1,<51eb50d4@server>,opens,Message sent,tag_6,187.67.21.135,https://example.com/campaign/2274,marketing@company.com,template_5
user4769@outlook.com,2025-01-24 00:56:25,Campaign Subject 2,<aaae9786@server>,bounces,DNS failure,tag_9,206.214.95.83,https://example.com/campaign/1261,marketing@company.com,template_5
user5097@hotmail.com,2025-01-23 22:01:25,Campaign Subject 7,<689e13dd@server>,clicks,Message sent,tag_10,98.99.142.175,https://example.com/campaign/1538,marketing@company.com,template_2
user8028@example.org,2025-01-23 19:18:25,Campaign Subject 10,<fe0a63e6@server>,clicks,Message sent,tag_1,163.109.197.85,https://example.com/campaign/7214,marketing@company.com,template_2
user9942@company.com,2025-01-23 17:38:25,Campaign Subject 9,<dfe4be23@server>,blocked,IP blacklisted,tag_7,197.22.89.182,https://example.com/campaign/4460,marketing@company.com,template_3
user1559@gmail.com,2025-01-23 16:51:25,Campaign Subject 19,<7f9d53c2@server>,opens,Message sent,tag_8,140.198.151.2,https://example.com/campaign/5723,marketing@company.com,template_3
user1956@yahoo.com,2025-01-23 12:56:25,Campaign Subject 19,<b354ac67@server>,clicks,Message sent,tag_7,253.50.215.81,https://example.com/campaign/1988,marketing@company.com,template_4
user4678@example.org,2025-01-23 12:43:25,Campaign Subject 13,<975766bd@server>,clicks,Message sent,tag_7,240.106.80.106,https://example.com/campaign/8131,marketing@company.com,template_1
user4551@company.com,2025-01-23 11:30:25,Campaign Subject 12,<5f3a0371@server>,soft_bounces,Message sent,tag_2,9.252.209.182,https://example.com/campaign/4083,marketing@company.com,template_5
user6589@example.org,2025-01-23 10:20:25,Campaign Subject 7,<7f101956@server>,invalid,Message sent,tag_5,12.177.98.2,https://example.com/campaign/1881,marketing@company.com,template_5
user3301@yahoo.com,2025-01-23 08:38:25,Campaign Subject 8,<8efd52d6@server>,soft_bounces,Message sent,tag_2,92.134.134.35,https://example.com/campaign/4034,marketing@company.com,template_5
user9626@yahoo.com,2025-01-23 08:24:25,Campaign Subject 13,<271e2e32@server>,soft_bounces,Message sent,tag_8,74.70.117.84,https://example.com/campaign/1219,marketing@company.com,template_5
user7497@hotmail.com,2025-01-23 06:21:25,Campaign Subject 18,<7d039cd7@server>,invalid,Message sent,tag_7,129.17.149.114,https://example.com/campaign/2798,marketing@company.com,template_2
user1717@company.com,2025-01-23 05:29:25,Campaign Subject 3,<1e8a8eae@server>,soft_bounces,Message sent,tag_9,149.198.11.44,https://example.com/campaign/1868,marketing@company.com,template_3
user9923@example.org,2025-01-23 03:25:25,Campaign Subject 2,<a29f206b@server>,bounces,Mailbox full,tag_8,102.188.253.131,https://example.com/campaign/7850,marketing@company.com,template_1
user5634@example.org,2025-01-23 02:27:25,Campaign Subject 19,<5d5d84f@server>,delivered,Message sent,tag_2,239.102.197.239,https://example.com/campaign/8529,marketing@company.com,template_5
user9681@yahoo.com,2025-01-23 01:43:25,Campaign Subject 7,<7083aeeb@server>,opens,Message sent,tag_5,85.13.27.213,https://example.com/campaign/8885,marketing@company.com,template_2
user1725@company.com,2025-01-23 01:36:25,Campaign Subject 5,<f05f2f17@server>,spam,Message sent,tag_10,234.213.192.255,https://example.com/campaign/6583,marketing@company.com,template_4
user1283@yahoo.com,2025-01-23 00:26:25,Campaign Subject 6,<1e31fc50@server>,blocked,Domain blocked,tag_3,124.83.223.18,https://example.com/campaign/6552,marketing@company.com,template_4
user2230@example.org,2025-01-23 00:24:25,Campaign Subject 18,<4c4cc7b5@server>,bounces,Temporary failure,tag_4,228.251.28.180,https://example.com/campaign/6496,marketing@company.com,template_5
user2665@company.com,2025-01-22 23:03:25,Campaign Subject 1,<de43665f@server>,delivered,Message sent,tag_8,204.128.145.240,https://example.com/campaign/7221,marketing@company.com,template_4
user1814@company.com,2025-01-22 22:23:25,Campaign Subject 2,<d1ec6b22@server>,blocked,Domain blocked,tag_6,32.215.137.244,https://example.com/campaign/1553,marketing@company.com,template_3
user7430@company.com,2025-01-22 19:58:25,Campaign Subject 10,<2fbba6bb@server>,bounces,Invalid recipient,tag_9,227.23.15.1,https://example.com/campaign/6707,marketing@company.com,template_5
user5430@example.org,2025-01-22 18:41:25,Campaign Subject 16,<bbb85bc6@server>,blocked,Blocked by anti-spam,tag_4,12.34.195.229,https://example.com/campaign/5023,marketing@company.com,template_4
user7466@company.com,2025-01-22 15:52:25,Campaign Subject 11,<1ed8b850@server>,bounces,Mailbox full,tag_5,136.162.110.64,https://example.com/campaign/2834,marketing@company.com,template_2
user2892@gmail.com,2025-01-22 14:27:25,Campaign Subject 4,<5f608d5c@server>,blocked,Domain blocked,tag_2,48.159.71.131,https://example.com/campaign/1626,marketing@company.com,template_4
user7273@yahoo.com,2025-01-22 13:54:25,Campaign Subject 13,<d332c5d3@server>,bounces,DNS failure,tag_10,124.168.164.220,https://example.com/campaign/8485,marketing@company.com,template_5
user9424@example.org,2025-01-22 11:19:25,Campaign Subject 20,<a71eef37@server>,clicks,Message sent,tag_2,4.200.255.100,https://example.com/campaign/9429,marketing@company.com,template_5
user1641@example.org,2025-01-22 11:18:25,Campaign Subject 2,<b232b6f4@server>,delivered,Message sent,tag_5,104.116.236.149,https://example.com/campaign/8485,marketing@company.com,template_1
user8584@yahoo.com,2025-01-22 11:02:25,Campaign Subject 6,<ce283c14@server>,spam,Message sent,tag_2,147.242.231.168,https://example.com/campaign/1832,marketing@company.com,template_5
user9246@hotmail.com,2025-01-22 09:34:25,Campaign Subject 15,<357c3849@server>,delivered,Message sent,tag_8,77.76.124.237,https://example.com/campaign/4898,marketing@company.com,template_3
user9774@yahoo.com,2025-01-22 05:09:25,Campaign Subject 12,<5684201c@server>,bounces,Mailbox full,tag_2,102.160.217.14,https://example.com/campaign/2725,marketing@company.com,template_1
user1136@example.org,2025-01-22 04:13:25,Campaign Subject 6,<3dad92fb@server>,clicks,Message sent,tag_6,124.202.153.15,https://example.com/campaign/2411,marketing@company.com,template_1
user4599@example.org,2025-01-22 02:16:25,Campaign Subject 5,<4fea0ca5@server>,invalid,Message sent,tag_3,10.121.228.5,https://example.com/campaign/7344,marketing@company.com,template_2
user8310@example.org,2025-01-22 00:41:25,Campaign Subject 15,<840b3fed@server>,clicks,Message sent,tag_6,230.191.153.251,https://example.com/campaign/5905,marketing@company.com,template_4
user8160@example.org,2025-01-21 20:35:25,Campaign Subject 11,<6e95209c@server>,soft_bounces,Message sent,tag_1,210.155.17.112,https://example.com/campaign/3408,marketing@company.com,template_5
user5486@outlook.com,2025-01-21 20:10:25,Campaign Subject 4,<40b788f4@server>,clicks,Message sent,tag_10,84.5.86.116,https://example.com/campaign/3425,marketing@company.com,template_1
user2576@outlook.com,2025-01-21 18:49:25,Campaign Subject 4,<a03a2c14@server>,opens,Message sent,tag_5,25.65.6.150,https://example.com/campaign/8838,marketing@company.com,template_3
user7540@company.com,2025-01-21 16:36:25,Campaign Subject 6,<64bffc1c@server>,blocked,IP blacklisted,tag_7,160.246.63.161,https://example.com/campaign/5021,marketing@company.com,template_2
user9854@example.org,2025-01-21 16:14:25,Campaign Subject 4,<b7feae54@server>,clicks,Message sent,tag_3,254.155.49.106,https://example.com/campaign/3948,marketing@company.com,template_2
user7866@gmail.com,2025-01-21 16:07:25,Campaign Subject 15,<c457dd57@server>,clicks,Message sent,tag_8,73.159.101.243,https://example.com/campaign/8165,marketing@company.com,template_2
user5212@outlook.com,2025-01-21 15:42:25,Campaign Subject 8,<63db3688@server>,delivered,Message sent,tag_7,7.206.26.66,https://example.com/campaign/3876,marketing@company.com,template_2
user8079@outlook.com,2025-01-21 13:04:25,Campaign Subject 11,<d1b91785@server>,opens,Message sent,tag_1,157.59.218.214,https://example.com/campaign/1231,marketing@company.com,template_1
user9696@hotmail.com,2025-01-21 10:42:25,Campaign Subject 14,<12d0cdec@server>,spam,Message sent,tag_3,62.146.232.99,https://example.com/campaign/9946,marketing@company.com,template_3
user2524@gmail.com,2025-01-21 08:28:25,Campaign Subject 1,<5cb32009@server>,spam,Message sent,tag_8,140.15.195.239,https://example.com/campaign/8330,marketing@company.com,template_2
user7077@hotmail.com,2025-01-21 08:00:25,Campaign Subject 1,<b0f68248@server>,spam,Message sent,tag_6,225.214.93.146,https://example.com/campaign/7882,marketing@company.com,template_3
user8559@company.com,2025-01-21 07:21:25,Campaign Subject 5,<2a4d6619@server>,spam,Message sent,tag_10,201.45.156.144,https://example.com/campaign/1457,marketing@company.com,template_2
user6424@gmail.com,2025-01-21 05:52:25,Campaign Subject 2,<400414b3@server>,delivered,Message sent,tag_1,119.197.89.143,https://example.com/campaign/5076,marketing@company.com,template_2
user1566@outlook.com,2025-01-21 05:42:25,Campaign Subject 16,<d3a94fd5@server>,invalid,Message sent,tag_5,111.168.29.103,https://example.com/campaign/7711,marketing@company.com,template_1
user8384@yahoo.com,2025-01-21 02:41:25,Campaign Subject 17,<fe50fe5e@server>,bounces,Temporary failure,tag_2,77.52.195.125,https://example.com/campaign/7960,marketing@company.com,template_5
user5494@company.com,2025-01-21 02:35:25,Campaign Subject 8,<1d29659f@server>,invalid,Message sent,tag_4,67.152.219.120,https://example.com/campaign/4660,marketing@company.com,template_3
user7216@outlook.com,2025-01-21 02:26:25,Campaign Subject 12,<909b0cd8@server>,invalid,Message sent,tag_7,29.51.100.10,https://example.com/campaign/7905,marketing@company.com,template_5
user2694@hotmail.com,2025-01-21 01:40:25,Campaign Subject 1,<571c191a@server>,blocked,IP blacklisted,tag_4,220.113.121.219,https://example.com/campaign/5185,marketing@company.com,template_4
user6443@hotmail.com,2025-01-21 00:31:25,Campaign Subject 1,<581c8eaa@server>,invalid,Message sent,tag_4,90.216.230.5,https://example.com/campaign/2818,marketing@company.com,template_5
user3861@hotmail.com,2025-01-20 23:14:25,Campaign Subject 5,<f002bc27@server>,spam,Message sent,tag_5,218.240.179.42,https://example.com/campaign/2027,marketing@company.com,template_5
user5174@example.org,2025-01-20 20:01:25,Campaign Subject 14,<3a5d82cd@server>,invalid,Message sent,tag_3,162.51.218.59,https://example.com/campaign/6798,marketing@company.com,template_5
user8750@company.com,2025-01-20 18:03:25,Campaign Subject 16,<861b06f2@server>,clicks,Message sent,tag_5,53.181.143.214,https://example.com/campaign/9931,marketing@company.com,template_3
user9047@gmail.com,2025-01-20 15:29:25,Campaign Subject 6,<8faad669@server>,delivered,Message sent,tag_6,21.71.156.100,https://example.com/campaign/3296,marketing@company.com,template_5
user8856@gmail.com,2025-01-20 12:55:25,Campaign Subject 11,<909aa564@server>,spam,Message sent,tag_7,46.111.120.196,https://example.com/campaign/1017,marketing@company.com,template_5
user5957@outlook.com,2025-01-20 11:06:25,Campaign Subject 14,<d2e9e6c2@server>,clicks,Message sent,tag_2,16.20.141.69,https://example.com/campaign/8309,marketing@company.com,template_5
user5920@yahoo.com,2025-01-20 09:27:25,Campaign Subject 12,<c9c9f3e1@server>,opens,Message sent,tag_5,71.201.31.156,https://example.com/campaign/3327,marketing@company.com,template_2
user9299@gmail.com,2025-01-20 08:45:25,Campaign Subject 7,<6d9b117d@server>,spam,Message sent,tag_3,178.188.109.69,https://example.com/campaign/3678,marketing@company.com,template_5
user8684@example.org,2025-01-20 08:24:25,Campaign Subject 18,<472672e1@server>,invalid,Message sent,tag_9,114.76.51.31,https://example.com/campaign/7105,marketing@company.com,template_1
user1694@gmail.com,2025-01-20 07:32:25,Campaign Subject 9,<6c445f8d@server>,opens,Message sent,tag_3,72.189.213.227,https://example.com/campaign/6520,marketing@company.com,template_5
user8866@outlook.com,2025-01-20 04:50:25,Campaign Subject 16,<bcea7ec6@server>,invalid,Message sent,tag_6,112.178.27.64,https://example.com/campaign/1763,marketing@company.com,template_4
user8025@gmail.com,2025-01-20 03:53:25,Campaign Subject 11,<114f21e1@server>,spam,Message sent,tag_4,50.130.107.159,https://example.com/campaign/2120,marketing@company.com,template_1
user2458@example.org,2025-01-20 03:09:25,Campaign Subject 8,<58055fd0@server>,blocked,Blocked by anti-spam,tag_3,196.208.109.179,https://example.com/campaign/8198,marketing@company.com,template_1
user3566@example.org,2025-01-20 02:42:25,Campaign Subject 6,<c838b736@server>,blocked,IP blacklisted,tag_9,187.40.169.76,https://example.com/campaign/4588,marketing@company.com,template_3
user1958@example.org,2025-01-20 00:56:25,Campaign Subject 10,<1c5f5af6@server>,soft_bounces,Message sent,tag_8,254.253.149.100,https://example.com/campaign/2483,marketing@company.com,template_3
user3455@gmail.com,2025-01-19 22:34:25,Campaign Subject 1,<a2287f8d@server>,soft_bounces,Message sent,tag_8,96.215.194.144,https://example.com/campaign/7219,marketing@company.com,template_4
user4641@outlook.com,2025-01-19 21:27:25,Campaign Subject 10,<152d5ca9@server>,delivered,Message sent,tag_9,194.68.81.87,https://example.com/campaign/1688,marketing@company.com,template_2
user9685@outlook.com,2025-01-19 16:18:25,Campaign Subject 7,<2210854e@server>,spam,Message sent,tag_7,40.112.217.122,https://example.com/campaign/8189,marketing@company.com,template_1
user1515@outlook.com,2025-01-19 15:16:25,Campaign Subject 4,<1a666938@server>,delivered,Message sent,tag_3,161.18.145.180,https://example.com/campaign/1634,marketing@company.com,template_2
user1669@yahoo.com,2025-01-19 15:10:25,Campaign Subject 14,<1d8c2217@server>,delivered,Message sent,tag_6,27.183.238.21,https://example.com/campaign/6286,marketing@company.com,template_1
user6152@gmail.com,2025-01-19 13:05:25,Campaign Subject 18,<b2d4f809@server>,opens,Message sent,tag_9,186.244.64.201,https://example.com/campaign/1006,marketing@company.com,template_3
user8448@outlook.com,2025-01-19 12:53:25,Campaign Subject 8,<c6a448ae@server>,clicks,Message sent,tag_2,206.112.115.204,https://example.com/campaign/8043,marketing@company.com,template_2
user5443@example.org,2025-01-19 09:21:25,Campaign Subject 10,<c6109589@server>,blocked,IP blacklisted,tag_2,108.100.237.199,https://example.com/campaign/9914,marketing@company.com,template_5
user5210@example.org,2025-01-19 06:30:25,Campaign Subject 9,<6336a049@server>,invalid,Message sent,tag_7,89.203.100.238,https://example.com/campaign/7046,marketing@company.com,template_1
user5769@hotmail.com,2025-01-19 01:16:25,Campaign Subject 19,<d7431fe3@server>,invalid,Message sent,tag_6,69.10.160.40,https://example.com/campaign/7462,marketing@company.com,template_3
user5273@gmail.com,2025-01-19 00:55:25,Campaign Subject 15,<93954160@server>,clicks,Message sent,tag_6,253.108.32.52,https://example.com/campaign/9424,marketing@company.com,template_1
user1449@company.com,2025-01-18 23:55:25,Campaign Subject 17,<f26609b0@server>,clicks,Message sent,tag_1,42.234.120.138,https://example.com/campaign/3456,marketing@company.com,template_4
user1852@hotmail.com,2025-01-18 23:50:25,Campaign Subject 5,<e049a49c@server>,invalid,Message sent,tag_10,217.10.183.27,https://example.com/campaign/6898,marketing@company.com,template_5
user9384@hotmail.com,2025-01-18 22:09:25,Campaign Subject 11,<f69618c1@server>,soft_bounces,Message sent,tag_9,139.93.84.207,https://example.com/campaign/9863,marketing@company.com,template_5
user8467@example.org,2025-01-18 18:14:25,Campaign Subject 3,<aca77fe1@server>,bounces,Temporary failure,tag_2,74.97.248.167,https://example.com/campaign/2332,marketing@company.com,template_5
user4152@gmail.com,2025-01-18 18:12:25,Campaign Subject 2,<ed0f070b@server>,blocked,IP blacklisted,tag_5,151.111.199.23,https://example.com/campaign/3551,marketing@company.com,template_2
user9838@outlook.com,2025-01-18 15:42:25,Campaign Subject 2,<dff242cf@server>,clicks,Message sent,tag_5,226.62.119.240,https://example.com/campaign/1743,marketing@company.com,template_5
user7667@hotmail.com,2025-01-18 15:06:25,Campaign Subject 2,<ba8e2cfc@server>,delivered,Message sent,tag_1,158.145.182.53,https://example.com/campaign/6062,marketing@company.com,template_1
user1819@company.com,2025-01-18 14:35:25,Campaign Subject 3,<96e420a9@server>,opens,Message sent,tag_9,170.111.147.124,https://example.com/campaign/5689,marketing@company.com,template_2
user9568@gmail.com,2025-01-18 14:12:25,Campaign Subject 15,<61c99bf8@server>,bounces,DNS failure,tag_10,53.7.23.189,https://example.com/campaign/8415,marketing@company.com,template_4
user7016@example.org,2025-01-18 12:26:25,Campaign Subject 3,<21b905fe@server>,invalid,Message sent,tag_5,4.195.65.71,https://example.com/campaign/1627,marketing@company.com,template_1
user6193@company.com,2025-01-18 07:59:25,Campaign Subject 15,<18ed2eeb@server>,soft_bounces,Message sent,tag_2,141.177.10.111,https://example.com/campaign/3221,marketing@company.com,template_5
user1926@hotmail.com,2025-01-18 07:56:25,Campaign Subject 19,<d29f65f@server>,spam,Message sent,tag_7,12.193.82.243,https://example.com/campaign/7749,marketing@company.com,template_4
user6719@gmail.com,2025-01-18 06:22:25,Campaign Subject 17,<b8e521cb@server>,delivered,Message sent,tag_4,136.134.191.255,https://example.com/campaign/1206,marketing@company.com,template_5
user9534@company.com,2025-01-18 05:16:25,Campaign Subject 1,<be459a34@server>,clicks,Message sent,tag_3,94.172.47.187,https://example.com/campaign/8776,marketing@company.com,template_3
user7935@outlook.com,2025-01-18 04:07:25,Campaign Subject 15,<572eb60e@server>,opens,Message sent,tag_9,252.213.46.8,https://example.com/campaign/8560,marketing@company.com,template_2
user8957@company.com,2025-01-18 03:28:25,Campaign Subject 6,<9eb136ee@server>,blocked,Domain blocked,tag_4,218.255.131.238,https://example.com/campaign/7184,marketing@company.com,template_4
user4089@yahoo.com,2025-01-18 03:05:25,Campaign Subject 15,<4b31137c@server>,spam,Message sent,tag_4,127.43.170.164,https://example.com/campaign/7063,marketing@company.com,template_4
user7214@company.com,2025-01-18 02:55:25,Campaign Subject 1,<b9626be8@server>,spam,Message sent,tag_4,66.164.8.103,https://example.com/campaign/3032,marketing@company.com,template_1
user4078@hotmail.com,2025-01-17 21:09:25,Campaign Subject 9,<41c85c03@server>,opens,Message sent,tag_7,152.208.64.194,https://example.com/campaign/5191,marketing@company.com,template_3
user7244@hotmail.com,2025-01-17 20:25:25,Campaign Subject 1,<fd109590@server>,spam,Message sent,tag_10,161.147.77.215,https://example.com/campaign/3788,marketing@company.com,template_1
user2110@outlook.com,2025-01-17 18:27:25,Campaign Subject 4,<9cf98fd8@server>,clicks,Message sent,tag_4,85.145.47.118,https://example.com/campaign/2103,marketing@company.com,template_2
user6078@gmail.com,2025-01-17 17:37:25,Campaign Subject 3,<ebce1dc3@server>,opens,Message sent,tag_7,79.64.46.165,https://example.com/campaign/6033,marketing@company.com,template_1
user8789@outlook.com,2025-01-17 16:44:25,Campaign Subject 6,<5ac28a7f@server>,clicks,Message sent,tag_7,31.134.224.86,https://example.com/campaign/2409,marketing@company.com,template_4
user6195@gmail.com,2025-01-17 15:19:25,Campaign Subject 10,<d5005b13@server>,bounces,Invalid recipient,tag_1,15.60.50.45,https://example.com/campaign/1776,marketing@company.com,template_1
user4352@example.org,2025-01-17 15:15:25,Campaign Subject 15,<a189571@server>,invalid,Message sent,tag_5,76.98.123.230,https://example.com/campaign/2395,marketing@company.com,template_1
user9999@outlook.com,2025-01-17 15:12:25,Campaign Subject 1,<6a48a10f@server>,bounces,Invalid recipient,tag_10,164.77.7.80,https://example.com/campaign/4872,marketing@company.com,template_4
user9436@gmail.com,2025-01-17 13:33:25,Campaign Subject 20,<5527ce00@server>,spam,Message sent,tag_9,174.109.216.178,https://example.com/campaign/1191,marketing@company.com,template_5
user8764@company.com,2025-01-17 13:30:25,Campaign Subject 8,<5a7d29ca@server>,invalid,Message sent,tag_10,224.159.40.1,https://example.com/campaign/6704,marketing@company.com,template_3
user3607@yahoo.com,2025-01-17 06:43:25,Campaign Subject 17,<ab2bd33a@server>,blocked,Domain blocked,tag_6,125.122.39.12,https://example.com/campaign/2605,marketing@company.com,template_3
user8364@hotmail.com,2025-01-17 00:57:25,Campaign Subject 5,<4adcb9c9@server>,blocked,IP blacklisted,tag_7,173.125.2.219,https://example.com/campaign/6583,marketing@company.com,template_3
user2956@hotmail.com,2025-01-17 00:02:25,Campaign Subject 16,<de8dea8c@server>,blocked,Domain blocked,tag_4,252.151.21.203,https://example.com/campaign/5445,marketing@company.com,template_5
user4840@gmail.com,2025-01-16 23:17:25,Campaign Subject 17,<897fd33a@server>,invalid,Message sent,tag_7,188.6.240.146,https://example.com/campaign/3361,marketing@company.com,template_4
user2323@yahoo.com,2025-01-16 23:06:25,Campaign Subject 9,<6c19925a@server>,clicks,Message sent,tag_6,221.228.42.228,https://example.com/campaign/7000,marketing@company.com,template_4
user5960@outlook.com,2025-01-16 21:57:25,Campaign Subject 7,<f6426258@server>,soft_bounces,Message sent,tag_4,162.69.38.251,https://example.com/campaign/3250,marketing@company.com,template_2
user1241@outlook.com,2025-01-16 20:31:25,Campaign Subject 18,<70ba96f5@server>,invalid,Message sent,tag_3,111.45.197.25,https://example.com/campaign/2772,marketing@company.com,template_3
user7838@yahoo.com,2025-01-16 19:51:25,Campaign Subject 10,<63cf4248@server>,clicks,Message sent,tag_7,131.49.15.210,https://example.com/campaign/6756,marketing@company.com,template_3
user7843@yahoo.com,2025-01-16 19:42:25,Campaign Subject 14,<4f56d316@server>,bounces,Temporary failure,tag_10,23.188.250.180,https://example.com/campaign/7882,marketing@company.com,template_5
user3279@hotmail.com,2025-01-16 19:40:25,Campaign Subject 11,<aca83cc0@server>,soft_bounces,Message sent,tag_9,82.45.15.127,https://example.com/campaign/7681,marketing@company.com,template_3
user3094@gmail.com,2025-01-16 18:52:25,Campaign Subject 7,<e3631e28@server>,invalid,Message sent,tag_2,217.228.97.164,https://example.com/campaign/3380,marketing@company.com,template_4
user4086@outlook.com,2025-01-16 18:32:25,Campaign Subject 2,<a4a8067d@server>,delivered,Message sent,tag_1,180.211.132.88,https://example.com/campaign/7136,marketing@company.com,template_5
user8932@example.org,2025-01-16 17:53:25,Campaign Subject 14,<9ec40624@server>,clicks,Message sent,tag_10,183.7.196.84,https://example.com/campaign/1220,marketing@company.com,template_1
user9038@company.com,2025-01-16 17:21:25,Campaign Subject 5,<19c84936@server>,spam,Message sent,tag_1,114.180.49.214,https://example.com/campaign/7004,marketing@company.com,template_4
user5219@outlook.com,2025-01-16 16:08:25,Campaign Subject 17,<5a24ee64@server>,delivered,Message sent,tag_7,140.45.109.166,https://example.com/campaign/3323,marketing@company.com,template_2
user8343@outlook.com,2025-01-16 15:06:25,Campaign Subject 4,<22e80f99@server>,soft_bounces,Message sent,tag_6,71.213.16.121,https://example.com/campaign/5125,marketing@company.com,template_5
user5252@yahoo.com,2025-01-16 12:07:25,Campaign Subject 16,<d0fbc695@server>,blocked,Domain blocked,tag_9,190.32.200.240,https://example.com/campaign/7215,marketing@company.com,template_3
user9806@hotmail.com,2025-01-16 12:02:25,Campaign Subject 4,<d38afa6b@server>,soft_bounces,Message sent,tag_1,205.168.167.233,https://example.com/campaign/2119,marketing@company.com,template_5
user5765@hotmail.com,2025-01-16 08:53:25,Campaign Subject 9,<828b46a4@server>,opens,Message sent,tag_10,170.43.38.183,https://example.com/campaign/7905,marketing@company.com,template_2
user2516@example.org,2025-01-16 08:40:25,Campaign Subject 18,<5f32314c@server>,delivered,Message sent,tag_1,139.159.197.122,https://example.com/campaign/8090,marketing@company.com,template_3
user2121@gmail.com,2025-01-16 08:33:25,Campaign Subject 7,<7103da3b@server>,opens,Message sent,tag_1,34.175.10.59,https://example.com/campaign/5447,marketing@company.com,template_4
user6830@hotmail.com,2025-01-16 06:49:25,Campaign Subject 18,<a8e21d08@server>,invalid,Message sent,tag_3,73.227.138.154,https://example.com/campaign/8826,marketing@company.com,template_5
user6160@gmail.com,2025-01-16 04:08:25,Campaign Subject 6,<9a41a719@server>,opens,Message sent,tag_10,75.170.27.29,https://example.com/campaign/1175,marketing@company.com,template_5
user7026@gmail.com,2025-01-16 01:19:25,Campaign Subject 3,<7f9fa246@server>,bounces,Mailbox full,tag_4,223.149.100.217,https://example.com/campaign/9902,marketing@company.com,template_1
user8431@example.org,2025-01-15 23:40:25,Campaign Subject 6,<389c2ee8@server>,opens,Message sent,tag_7,131.225.87.159,https://example.com/campaign/3951,marketing@company.com,template_2
user4084@example.org,2025-01-15 19:30:25,Campaign Subject 18,<bd247dd9@server>,opens,Message sent,tag_7,104.54.194.55,https://example.com/campaign/1283,marketing@company.com,template_2
user1367@hotmail.com,2025-01-15 17:47:25,Campaign Subject 10,<5a5b2756@server>,blocked,Blocked by anti-spam,tag_8,79.9.14.148,https://example.com/campaign/2085,marketing@company.com,template_5
user1935@gmail.com,2025-01-15 17:13:25,Campaign Subject 14,<1393b9ba@server>,blocked,IP blacklisted,tag_3,179.178.115.216,https://example.com/campaign/6878,marketing@company.com,template_2
user8396@gmail.com,2025-01-15 11:09:25,Campaign Subject 3,<d9d299e0@server>,blocked,Blocked by anti-spam,tag_4,83.191.110.230,https://example.com/campaign/3713,marketing@company.com,template_4
user9366@hotmail.com,2025-01-15 10:44:25,Campaign Subject 14,<b80296f5@server>,opens,Message sent,tag_5,220.205.22.166,https://example.com/campaign/4005,marketing@company.com,template_2
user5075@yahoo.com,2025-01-15 07:13:25,Campaign Subject 18,<54faaa2@server>,invalid,Message sent,tag_1,23.129.74.244,https://example.com/campaign/1020,marketing@company.com,template_2
user9030@gmail.com,2025-01-15 06:54:25,Campaign Subject 3,<e91332ed@server>,soft_bounces,Message sent,tag_6,235.229.1.102,https://example.com/campaign/1067,marketing@company.com,template_4
user5905@yahoo.com,2025-01-15 04:38:25,Campaign Subject 13,<64db391@server>,spam,Message sent,tag_4,229.111.121.211,https://example.com/campaign/3921,marketing@company.com,template_5
user1937@gmail.com,2025-01-15 04:23:25,Campaign Subject 6,<87f226ef@server>,delivered,Message sent,tag_8,50.21.231.15,https://example.com/campaign/2897,marketing@company.com,template_1
user8518@example.org,2025-01-15 02:41:25,Campaign Subject 20,<f450f9ea@server>,clicks,Message sent,tag_1,7.203.239.169,https://example.com/campaign/6901,marketing@company.com,template_5
user6830@gmail.com,2025-01-15 00:34:25,Campaign Subject 4,<a07c4611@server>,clicks,Message sent,tag_7,91.208.254.113,https://example.com/campaign/7793,marketing@company.com,template_5
user3719@company.com,2025-01-15 00:30:25,Campaign Subject 8,<f089d496@server>,blocked,Domain blocked,tag_9,172.55.221.23,https://example.com/campaign/7675,marketing@company.com,template_1
user3565@gmail.com,2025-01-14 20:43:25,Campaign Subject 3,<5eac59e6@server>,clicks,Message sent,tag_9,204.39.101.6,https://example.com/campaign/8950,marketing@company.com,template_5
user3206@example.org,2025-01-14 20:36:25,Campaign Subject 5,<612449d2@server>,soft_bounces,Message sent,tag_3,55.71.73.106,https://example.com/campaign/9973,marketing@company.com,template_2
user8135@outlook.com,2025-01-14 18:43:25,Campaign Subject 17,<1ae92bf2@server>,blocked,Blocked by anti-spam,tag_8,25.95.25.112,https://example.com/campaign/4545,marketing@company.com,template_5
user5464@yahoo.com,2025-01-14 15:23:25,Campaign Subject 11,<aebfc066@server>,blocked,Blocked by anti-spam,tag_7,51.136.166.152,https://example.com/campaign/1440,marketing@company.com,template_4
user8843@hotmail.com,2025-01-14 15:00:25,Campaign Subject 16,<98bd640e@server>,spam,Message sent,tag_4,177.249.100.14,https://example.com/campaign/7193,marketing@company.com,template_1
user7829@gmail.com,2025-01-14 14:55:25,Campaign Subject 20,<b98d1cf5@server>,bounces,Temporary failure,tag_1,140.252.53.185,https://example.com/campaign/4085,marketing@company.com,template_2
user4446@outlook.com,2025-01-14 14:55:25,Campaign Subject 2,<4ee7429b@server>,soft_bounces,Message sent,tag_2,88.208.90.43,https://example.com/campaign/5482,marketing@company.com,template_4
user9400@company.com,2025-01-14 14:27:25,Campaign Subject 10,<2f5d1b86@server>,bounces,Temporary failure,tag_10,68.15.21.247,https://example.com/campaign/3403,marketing@company.com,template_4
user2787@yahoo.com,2025-01-14 11:10:25,Campaign Subject 1,<5f64b973@server>,soft_bounces,Message sent,tag_5,207.140.118.180,https://example.com/campaign/7291,marketing@company.com,template_4
user2148@company.com,2025-01-14 11:00:25,Campaign Subject 19,<4ff7a514@server>,clicks,Message sent,tag_10,184.63.160.153,https://example.com/campaign/6150,marketing@company.com,template_3
user5963@hotmail.com,2025-01-14 10:01:25,Campaign Subject 12,<50334926@server>,soft_bounces,Message sent,tag_2,124.52.102.75,https://example.com/campaign/1070,marketing@company.com,template_5
user6530@gmail.com,2025-01-14 08:28:25,Campaign Subject 7,<4ddcd02a@server>,opens,Message sent,tag_7,32.105.232.25,https://example.com/campaign/6356,marketing@company.com,template_2
user6473@outlook.com,2025-01-14 08:13:25,Campaign Subject 4,<c9dea1b7@server>,spam,Message sent,tag_9,178.39.28.162,https://example.com/campaign/2338,marketing@company.com,template_2
user8829@hotmail.com,2025-01-14 07:07:25,Campaign Subject 7,<464f3d84@server>,spam,Message sent,tag_4,218.50.253.43,https://example.com/campaign/6358,marketing@company.com,template_1
user1917@example.org,2025-01-14 06:10:25,Campaign Subject 18,<66781189@server>,delivered,Message sent,tag_8,14.82.235.102,https://example.com/campaign/2399,marketing@company.com,template_2
user3912@company.com,2025-01-14 05:04:25,Campaign Subject 17,<395b9482@server>,opens,Message sent,tag_3,170.95.68.32,https://example.com/campaign/3014,marketing@company.com,template_2
user3810@company.com,2025-01-14 04:36:25,Campaign Subject 10,<f957c4d3@server>,bounces,DNS failure,tag_6,118.228.90.63,https://example.com/campaign/9580,marketing@company.com,template_1
user1213@yahoo.com,2025-01-14 03:41:25,Campaign Subject 19,<29446183@server>,invalid,Message sent,tag_5,12.137.172.199,https://example.com/campaign/5024,marketing@company.com,template_5
user8617@yahoo.com,2025-01-14 02:11:25,Campaign Subject 3,<53603b41@server>,invalid,Message sent,tag_6,22.252.204.71,https://example.com/campaign/6623,marketing@company.com,template_3
user6364@company.com,2025-01-14 01:52:25,Campaign Subject 13,<ee2a3731@server>,invalid,Message sent,tag_1,237.110.117.152,https://example.com/campaign/9132,marketing@company.com,template_4
user5293@gmail.com,2025-01-14 00:40:25,Campaign Subject 7,<52d2f45a@server>,invalid,Message sent,tag_9,92.34.172.118,https://example.com/campaign/4297,marketing@company.com,template_1
user3822@company.com,2025-01-13 21:21:25,Campaign Subject 12,<7ad0113@server>,bounces,Invalid recipient,tag_3,224.252.133.113,https://example.com/campaign/5411,marketing@company.com,template_5
user8648@outlook.com,2025-01-13 21:13:25,Campaign Subject 15,<b03d4be6@server>,invalid,Message sent,tag_7,71.84.212.149,https://example.com/campaign/7615,marketing@company.com,template_3
user9211@yahoo.com,2025-01-13 19:28:25,Campaign Subject 2,<28ec6639@server>,soft_bounces,Message sent,tag_4,94.167.35.95,https://example.com/campaign/2462,marketing@company.com,template_5
user9947@yahoo.com,2025-01-13 18:51:25,Campaign Subject 16,<9f94d1c2@server>,soft_bounces,Message sent,tag_2,255.231.193.247,https://example.com/campaign/5269,marketing@company.com,template_2
user1487@hotmail.com,2025-01-13 17:24:25,Campaign Subject 9,<abbb4fa9@server>,opens,Message sent,tag_3,213.9.202.66,https://example.com/campaign/7134,marketing@company.com,template_2
user1241@hotmail.com,2025-01-13 17:03:25,Campaign Subject 3,<af0b7210@server>,opens,Message sent,tag_7,141.88.62.251,https://example.com/campaign/7239,marketing@company.com,template_2
user8622@example.org,2025-01-13 15:43:25,Campaign Subject 6,<79bb12c1@server>,bounces,Invalid recipient,tag_9,204.127.101.18,https://example.com/campaign/5919,marketing@company.com,template_3
user1980@outlook.com,2025-01-13 13:38:25,Campaign Subject 5,<40fb602b@server>,clicks,Message sent,tag_1,126.124.80.185,https://example.com/campaign/2214,marketing@company.com,template_3
user8332@company.com,2025-01-13 07:18:25,Campaign Subject 4,<3ed8c84@server>,soft_bounces,Message sent,tag_10,172.198.122.205,https://example.com/campaign/8092,marketing@company.com,template_4
user3665@outlook.com,2025-01-13 04:39:25,Campaign Subject 18,<a44d5fc1@server>,blocked,IP blacklisted,tag_8,243.254.170.8,https://example.com/campaign/8389,marketing@company.com,template_4
user3354@example.org,2025-01-13 02:39:25,Campaign Subject 19,<7ed9b441@server>,bounces,DNS failure,tag_4,17.164.58.69,https://example.com/campaign/1820,marketing@company.com,template_5
user1640@hotmail.com,2025-01-13 02:05:25,Campaign Subject 19,<1b1c0c80@server>,spam,Message sent,tag_2,234.148.223.85,https://example.com/campaign/3731,marketing@company.com,template_4
user9521@gmail.com,2025-01-13 01:20:25,Campaign Subject 11,<86416ef1@server>,blocked,IP blacklisted,tag_8,253.33.107.177,https://example.com/campaign/9825,marketing@company.com,template_2
user3894@yahoo.com,2025-01-13 00:21:25,Campaign Subject 5,<56e5546e@server>,invalid,Message sent,tag_6,56.216.203.137,https://example.com/campaign/1220,marketing@company.com,template_4
user4498@example.org,2025-01-12 22:41:25,Campaign Subject 14,<4c913ce0@server>,clicks,Message sent,tag_4,162.206.139.46,https://example.com/campaign/9307,marketing@company.com,template_1
user8063@outlook.com,2025-01-12 20:50:25,Campaign Subject 18,<f51601d@server>,bounces,Temporary failure,tag_9,223.235.234.237,https://example.com/campaign/7050,marketing@company.com,template_2
user9779@hotmail.com,2025-01-12 20:14:25,Campaign Subject 5,<13101719@server>,opens,Message sent,tag_2,221.153.114.211,https://example.com/campaign/7564,marketing@company.com,template_3
user9181@company.com,2025-01-12 20:13:25,Campaign Subject 2,<b4b412ce@server>,clicks,Message sent,tag_10,184.140.42.229,https://example.com/campaign/2508,marketing@company.com,template_5
user1927@outlook.com,2025-01-12 18:31:25,Campaign Subject 6,<4744c349@server>,delivered,Message sent,tag_9,208.188.133.85,https://example.com/campaign/8525,marketing@company.com,template_5
user1567@company.com,2025-01-12 17:50:25,Campaign Subject 18,<778abd01@server>,bounces,Mailbox full,tag_7,167.137.58.33,https://example.com/campaign/2103,marketing@company.com,template_2
user1564@example.org,2025-01-12 16:35:25,Campaign Subject 9,<be44f810@server>,opens,Message sent,tag_2,166.48.51.222,https://example.com/campaign/4679,marketing@company.com,template_3
user4159@company.com,2025-01-12 11:57:25,Campaign Subject 3,<8d198788@server>,blocked,IP blacklisted,tag_6,70.93.104.239,https://example.com/campaign/8686,marketing@company.com,template_1
user6233@outlook.com,2025-01-12 11:30:25,Campaign Subject 12,<6078dab2@server>,bounces,Temporary failure,tag_5,237.31.245.119,https://example.com/campaign/7435,marketing@company.com,template_1
user1328@yahoo.com,2025-01-12 08:09:25,Campaign Subject 8,<c3ab35d1@server>,soft_bounces,Message sent,tag_10,230.4.26.45,https://example.com/campaign/4653,marketing@company.com,template_5
user3193@gmail.com,2025-01-12 03:28:25,Campaign Subject 2,<190fa84a@server>,invalid,Message sent,tag_1,192.17.69.123,https://example.com/campaign/4378,marketing@company.com,template_4
user8553@yahoo.com,2025-01-12 03:13:25,Campaign Subject 5,<b01b4a4e@server>,soft_bounces,Message sent,tag_5,18.13.18.205,https://example.com/campaign/2952,marketing@company.com,template_2
user5136@yahoo.com,2025-01-11 22:54:25,Campaign Subject 17,<f882b2fe@server>,bounces,Mailbox full,tag_3,102.52.240.171,https://example.com/campaign/6501,marketing@company.com,template_2
user5435@example.org,2025-01-11 22:50:25,Campaign Subject 10,<6ffd0117@server>,soft_bounces,Message sent,tag_9,142.119.186.42,https://example.com/campaign/8481,marketing@company.com,template_3
user8282@company.com,2025-01-11 18:30:25,Campaign Subject 3,<f03c5f8f@server>,spam,Message sent,tag_4,122.110.159.158,https://example.com/campaign/3597,marketing@company.com,template_3
user5205@example.org,2025-01-11 17:25:25,Campaign Subject 3,<1d4201a1@server>,opens,Message sent,tag_6,122.42.67.227,https://example.com/campaign/4029,marketing@company.com,template_4
user5372@yahoo.com,2025-01-11 14:16:25,Campaign Subject 4,<155b8559@server>,opens,Message sent,tag_10,42.24.11.206,https://example.com/campaign/4189,marketing@company.com,template_2
user7374@company.com,2025-01-11 10:37:25,Campaign Subject 20,<97a1af46@server>,delivered,Message sent,tag_2,50.78.166.2,https://example.com/campaign/3604,marketing@company.com,template_3
user7564@gmail.com,2025-01-11 10:26:25,Campaign Subject 4,<c0224582@server>,soft_bounces,Message sent,tag_9,207.196.224.239,https://example.com/campaign/4508,marketing@company.com,template_3
user8141@hotmail.com,2025-01-11 05:40:25,Campaign Subject 3,<c61fa23e@server>,clicks,Message sent,tag_1,209.157.61.237,https://example.com/campaign/6593,marketing@company.com,template_5
user7044@company.com,2025-01-11 03:11:25,Campaign Subject 11,<a2bf585@server>,clicks,Message sent,tag_5,183.241.210.56,https://example.com/campaign/2055,marketing@company.com,template_4
user4174@outlook.com,2025-01-11 01:44:25,Campaign Subject 8,<71e12005@server>,spam,Message sent,tag_2,79.116.166.202,https://example.com/campaign/7280,marketing@company.com,template_1
user8224@gmail.com,2025-01-11 00:55:25,Campaign Subject 2,<725aec96@server>,delivered,Message sent,tag_2,34.190.103.126,https://example.com/campaign/1452,marketing@company.com,template_1
user5122@yahoo.com,2025-01-10 22:13:25,Campaign Subject 5,<740a6b29@server>,spam,Message sent,tag_6,25.115.117.138,https://example.com/campaign/3068,marketing@company.com,template_1
user6965@gmail.com,2025-01-10 22:10:25,Campaign Subject 8,<3980b73c@server>,spam,Message sent,tag_9,211.96.59.176,https://example.com/campaign/5024,marketing@company.com,template_1
user4693@company.com,2025-01-10 22:08:25,Campaign Subject 8,<fb48390e@server>,bounces,Temporary failure,tag_7,91.168.126.234,https://example.com/campaign/2482,marketing@company.com,template_5
user7408@yahoo.com,2025-01-10 19:38:25,Campaign Subject 12,<bee7b069@server>,invalid,Message sent,tag_9,44.175.163.185,https://example.com/campaign/1524,marketing@company.com,template_4
user3877@hotmail.com,2025-01-10 18:53:25,Campaign Subject 19,<22abcd82@server>,opens,Message sent,tag_6,75.251.148.26,https://example.com/campaign/7854,marketing@company.com,template_4
user6667@example.org,2025-01-10 18:35:25,Campaign Subject 13,<9d8b8361@server>,bounces,Invalid recipient,tag_5,185.212.80.232,https://example.com/campaign/3818,marketing@company.com,template_5
user2662@outlook.com,2025-01-10 18:16:25,Campaign Subject 2,<f4c2c1d7@server>,blocked,Domain blocked,tag_3,255.217.173.16,https://example.com/campaign/7057,marketing@company.com,template_2
user2416@outlook.com,2025-01-10 13:03:25,Campaign Subject 19,<932e302@server>,opens,Message sent,tag_8,246.145.198.238,https://example.com/campaign/6600,marketing@company.com,template_5
user1770@yahoo.com,2025-01-10 08:51:25,Campaign Subject 1,<76a4380a@server>,spam,Message sent,tag_3,69.82.253.102,https://example.com/campaign/3719,marketing@company.com,template_1
user4047@company.com,2025-01-10 07:59:25,Campaign Subject 1,<15e04c20@server>,invalid,Message sent,tag_5,61.176.60.70,https://example.com/campaign/3877,marketing@company.com,template_5
user8986@company.com,2025-01-10 06:03:25,Campaign Subject 20,<3e004b00@server>,spam,Message sent,tag_6,64.153.213.19,https://example.com/campaign/3320,marketing@company.com,template_3
user1463@gmail.com,2025-01-10 05:58:25,Campaign Subject 13,<dc8c9fc5@server>,opens,Message sent,tag_5,117.233.90.38,https://example.com/campaign/9068,marketing@company.com,template_2
user1292@gmail.com,2025-01-10 04:36:25,Campaign Subject 5,<2638f33a@server>,clicks,Message sent,tag_5,199.22.165.95,https://example.com/campaign/2511,marketing@company.com,template_4
user4735@example.org,2025-01-10 03:40:25,Campaign Subject 19,<6c6b7cc@server>,bounces,DNS failure,tag_9,240.226.254.209,https://example.com/campaign/5722,marketing@company.com,template_5
user6905@yahoo.com,2025-01-10 03:04:25,Campaign Subject 1,<167f6c61@server>,opens,Message sent,tag_3,98.202.189.90,https://example.com/campaign/9793,marketing@company.com,template_5
user2082@company.com,2025-01-10 00:04:25,Campaign Subject 12,<1d5b3fe7@server>,bounces,DNS failure,tag_3,10.202.86.63,https://example.com/campaign/4409,marketing@company.com,template_1
user7386@company.com,2025-01-09 23:03:25,Campaign Subject 9,<2059071d@server>,delivered,Message sent,tag_8,222.143.165.188,https://example.com/campaign/7574,marketing@company.com,template_5
user4956@hotmail.com,2025-01-09 20:15:25,Campaign Subject 1,<a0c35924@server>,invalid,Message sent,tag_7,184.91.118.32,https://example.com/campaign/9139,marketing@company.com,template_3
user5476@yahoo.com,2025-01-09 18:41:25,Campaign Subject 7,<c44cd9b0@server>,delivered,Message sent,tag_6,211.121.232.145,https://example.com/campaign/6638,marketing@company.com,template_1
user9953@hotmail.com,2025-01-09 15:33:25,Campaign Subject 7,<fcb17bd3@server>,delivered,Message sent,tag_4,238.185.107.107,https://example.com/campaign/7128,marketing@company.com,template_3
user7703@yahoo.com,2025-01-09 12:07:25,Campaign Subject 14,<61424313@server>,delivered,Message sent,tag_2,68.53.11.81,https://example.com/campaign/9885,marketing@company.com,template_1
user8182@outlook.com,2025-01-09 09:56:25,Campaign Subject 13,<bdd3b7fc@server>,clicks,Message sent,tag_8,254.206.24.84,https://example.com/campaign/2137,marketing@company.com,template_2
user7022@company.com,2025-01-09 06:09:25,Campaign Subject 18,<c22746fa@server>,delivered,Message sent,tag_9,89.200.18.75,https://example.com/campaign/5919,marketing@company.com,template_3
user6407@gmail.com,2025-01-09 05:12:25,Campaign Subject 9,<6dfd5dfe@server>,soft_bounces,Message sent,tag_10,139.168.19.14,https://example.com/campaign/6162,marketing@company.com,template_4
user6837@hotmail.com,2025-01-09 03:14:25,Campaign Subject 17,<26a41061@server>,soft_bounces,Message sent,tag_3,193.73.132.81,https://example.com/campaign/3875,marketing@company.com,template_3
user6009@outlook.com,2025-01-09 00:56:25,Campaign Subject 19,<41973bfb@server>,invalid,Message sent,tag_6,229.85.38.100,https://example.com/campaign/4979,marketing@company.com,template_5
user9010@yahoo.com,2025-01-09 00:01:25,Campaign Subject 12,<a9d7bb65@server>,delivered,Message sent,tag_9,177.117.80.106,https://example.com/campaign/4430,marketing@company.com,template_1
user9139@outlook.com,2025-01-08 23:33:25,Campaign Subject 20,<d1e2b43e@server>,clicks,Message sent,tag_10,113.130.58.176,https://example.com/campaign/4393,marketing@company.com,template_4
user5145@example.org,2025-01-08 22:09:25,Campaign Subject 5,<ae8cd1b2@server>,clicks,Message sent,tag_3,14.54.209.93,https://example.com/campaign/4067,marketing@company.com,template_2
user3159@gmail.com,2025-01-08 18:12:25,Campaign Subject 11,<78f1f151@server>,clicks,Message sent,tag_10,135.170.38.125,https://example.com/campaign/4730,marketing@company.com,template_5
user7045@yahoo.com,2025-01-08 18:09:25,Campaign Subject 1,<b49138af@server>,opens,Message sent,tag_10,138.252.244.248,https://example.com/campaign/3203,marketing@company.com,template_3
user6408@gmail.com,2025-01-08 16:44:25,Campaign Subject 17,<e78ac597@server>,clicks,Message sent,tag_7,166.60.222.127,https://example.com/campaign/8637,marketing@company.com,template_1
user8791@outlook.com,2025-01-08 16:17:25,Campaign Subject 6,<eb2aecea@server>,delivered,Message sent,tag_5,111.176.39.19,https://example.com/campaign/7028,marketing@company.com,template_4
user7752@yahoo.com,2025-01-08 15:03:25,Campaign Subject 14,<c9e3d344@server>,clicks,Message sent,tag_10,189.212.46.70,https://example.com/campaign/2617,marketing@company.com,template_1
user2079@example.org,2025-01-08 12:53:25,Campaign Subject 3,<72b1c402@server>,blocked,IP blacklisted,tag_1,147.25.99.187,https://example.com/campaign/6378,marketing@company.com,template_2
user7472@example.org,2025-01-08 12:27:25,Campaign Subject 18,<1e5886b0@server>,spam,Message sent,tag_10,58.184.225.203,https://example.com/campaign/5430,marketing@company.com,template_3
user4441@outlook.com,2025-01-08 12:27:25,Campaign Subject 4,<e9a38486@server>,soft_bounces,Message sent,tag_3,132.115.229.192,https://example.com/campaign/1438,marketing@company.com,template_2
user5402@gmail.com,2025-01-08 11:04:25,Campaign Subject 18,<41545d1b@server>,bounces,Invalid recipient,tag_9,115.28.99.39,https://example.com/campaign/2001,marketing@company.com,template_4
user8048@outlook.com,2025-01-08 10:20:25,Campaign Subject 13,<5332c65f@server>,clicks,Message sent,tag_4,196.226.175.42,https://example.com/campaign/1146,marketing@company.com,template_3
user3630@outlook.com,2025-01-08 07:17:25,Campaign Subject 16,<1d2c2a49@server>,bounces,DNS failure,tag_1,197.46.186.15,https://example.com/campaign/8309,marketing@company.com,template_4
user4335@example.org,2025-01-08 06:41:25,Campaign Subject 15,<1a2f0132@server>,delivered,Message sent,tag_10,133.140.217.41,https://example.com/campaign/2871,marketing@company.com,template_2
user1207@company.com,2025-01-08 04:49:25,Campaign Subject 3,<77486310@server>,soft_bounces,Message sent,tag_7,151.198.154.153,https://example.com/campaign/5516,marketing@company.com,template_5
user9660@company.com,2025-01-08 03:26:25,Campaign Subject 15,<122b7cd1@server>,blocked,Domain blocked,tag_3,214.9.100.97,https://example.com/campaign/1849,marketing@company.com,template_5
user5220@yahoo.com,2025-01-08 02:55:25,Campaign Subject 4,<73c0b5f8@server>,soft_bounces,Message sent,tag_4,169.24.71.86,https://example.com/campaign/2866,marketing@company.com,template_4
user7967@example.org,2025-01-08 01:58:25,Campaign Subject 6,<4864387@server>,invalid,Message sent,tag_3,116.162.119.213,https://example.com/campaign/2376,marketing@company.com,template_3
user9454@gmail.com,2025-01-08 01:57:25,Campaign Subject 15,<9f8dce96@server>,invalid,Message sent,tag_1,43.195.163.120,https://example.com/campaign/9648,marketing@company.com,template_5
user8371@example.org,2025-01-07 23:12:25,Campaign Subject 2,<f4de4303@server>,blocked,Domain blocked,tag_4,160.243.191.29,https://example.com/campaign/1223,marketing@company.com,template_5
user5542@hotmail.com,2025-01-07 21:48:25,Campaign Subject 10,<16d2c4bc@server>,spam,Message sent,tag_2,89.7.63.151,https://example.com/campaign/9339,marketing@company.com,template_5
user2519@company.com,2025-01-07 21:32:25,Campaign Subject 19,<3c1a20f3@server>,clicks,Message sent,tag_8,28.1.80.41,https://example.com/campaign/3942,marketing@company.com,template_5
user3942@yahoo.com,2025-01-07 20:51:25,Campaign Subject 9,<446d581a@server>,soft_bounces,Message sent,tag_7,180.48.166.185,https://example.com/campaign/8729,marketing@company.com,template_2
user4038@gmail.com,2025-01-07 18:55:25,Campaign Subject 8,<7a068249@server>,delivered,Message sent,tag_7,220.117.173.8,https://example.com/campaign/8336,marketing@company.com,template_5
user3860@hotmail.com,2025-01-07 18:34:25,Campaign Subject 2,<78f3958c@server>,clicks,Message sent,tag_5,210.228.43.222,https://example.com/campaign/4022,marketing@company.com,template_3
user3843@yahoo.com,2025-01-07 16:10:25,Campaign Subject 16,<65a3a30a@server>,delivered,Message sent,tag_2,87.8.178.12,https://example.com/campaign/4397,marketing@company.com,template_3
user7097@company.com,2025-01-07 14:50:25,Campaign Subject 2,<2fdea3b@server>,blocked,Blocked by anti-spam,tag_9,40.96.87.119,https://example.com/campaign/5282,marketing@company.com,template_3
user5477@yahoo.com,2025-01-07 14:24:25,Campaign Subject 18,<824ea29e@server>,bounces,Mailbox full,tag_6,54.255.125.188,https://example.com/campaign/7983,marketing@company.com,template_2
user9643@example.org,2025-01-07 09:46:25,Campaign Subject 4,<1166c4fb@server>,delivered,Message sent,tag_7,66.197.55.75,https://example.com/campaign/4338,marketing@company.com,template_4
user2298@gmail.com,2025-01-07 09:11:25,Campaign Subject 14,<ccec1a83@server>,spam,Message sent,tag_7,51.75.107.103,https://example.com/campaign/1924,marketing@company.com,template_1
user7480@example.org,2025-01-07 08:41:25,Campaign Subject 19,<7ebee7ff@server>,spam,Message sent,tag_2,87.10.93.39,https://example.com/campaign/4394,marketing@company.com,template_5
user1320@gmail.com,2025-01-07 08:18:25,Campaign Subject 20,<7be29af3@server>,opens,Message sent,tag_5,148.63.103.198,https://example.com/campaign/8199,marketing@company.com,template_2
user2905@hotmail.com,2025-01-07 07:37:25,Campaign Subject 7,<a3c4c8d1@server>,soft_bounces,Message sent,tag_7,66.19.111.2,https://example.com/campaign/6322,marketing@company.com,template_4
user1805@example.org,2025-01-07 07:27:25,Campaign Subject 14,<907a0bd5@server>,delivered,Message sent,tag_3,118.206.243.195,https://example.com/campaign/7975,marketing@company.com,template_5
user8036@outlook.com,2025-01-07 04:01:25,Campaign Subject 4,<7b25a40c@server>,spam,Message sent,tag_6,103.103.130.141,https://example.com/campaign/2216,marketing@company.com,template_3
user1638@company.com,2025-01-07 01:17:25,Campaign Subject 6,<2acf34e2@server>,blocked,Blocked by anti-spam,tag_4,46.79.34.19,https://example.com/campaign/5002,marketing@company.com,template_4
user1479@hotmail.com,2025-01-07 00:07:25,Campaign Subject 11,<be88a13f@server>,opens,Message sent,tag_7,153.144.164.5,https://example.com/campaign/9958,marketing@company.com,template_1
user3804@hotmail.com,2025-01-06 21:59:25,Campaign Subject 11,<527bb149@server>,bounces,Temporary failure,tag_1,60.165.177.198,https://example.com/campaign/5928,marketing@company.com,template_4
user6794@example.org,2025-01-06 19:31:25,Campaign Subject 12,<c7250b92@server>,opens,Message sent,tag_10,184.93.131.89,https://example.com/campaign/9813,marketing@company.com,template_4
user8046@outlook.com,2025-01-06 18:22:25,Campaign Subject 18,<c86b6ec2@server>,blocked,Domain blocked,tag_6,154.102.193.107,https://example.com/campaign/4754,marketing@company.com,template_1
user4851@hotmail.com,2025-01-06 16:56:25,Campaign Subject 14,<c92e5407@server>,clicks,Message sent,tag_9,202.197.155.223,https://example.com/campaign/5463,marketing@company.com,template_1
user1850@outlook.com,2025-01-06 16:14:25,Campaign Subject 15,<9bdeca75@server>,soft_bounces,Message sent,tag_4,97.113.128.186,https://example.com/campaign/7581,marketing@company.com,template_2
user1501@yahoo.com,2025-01-06 15:33:25,Campaign Subject 9,<fc09d4ff@server>,bounces,Temporary failure,tag_4,213.118.177.61,https://example.com/campaign/2478,marketing@company.com,template_2
user5973@outlook.com,2025-01-06 15:18:25,Campaign Subject 16,<cba783b4@server>,delivered,Message sent,tag_4,175.188.233.107,https://example.com/campaign/3131,marketing@company.com,template_1
user3441@example.org,2025-01-06 14:39:25,Campaign Subject 20,<ff650c6d@server>,opens,Message sent,tag_2,139.92.129.214,https://example.com/campaign/8053,marketing@company.com,template_4
user5580@example.org,2025-01-06 14:36:25,Campaign Subject 15,<ebb7b20@server>,blocked,Domain blocked,tag_1,126.144.227.3,https://example.com/campaign/6003,marketing@company.com,template_3
user1521@hotmail.com,2025-01-06 14:10:25,Campaign Subject 9,<b55fb2ab@server>,soft_bounces,Message sent,tag_2,237.237.20.70,https://example.com/campaign/3460,marketing@company.com,template_5
user4419@outlook.com,2025-01-06 12:10:25,Campaign Subject 11,<76083fcf@server>,bounces,Temporary failure,tag_3,7.119.49.109,https://example.com/campaign/4910,marketing@company.com,template_1
user1723@example.org,2025-01-06 12:08:25,Campaign Subject 19,<d8281d5b@server>,spam,Message sent,tag_7,37.12.241.243,https://example.com/campaign/5311,marketing@company.com,template_3
user5645@hotmail.com,2025-01-06 09:18:25,Campaign Subject 16,<b8f7e638@server>,delivered,Message sent,tag_5,23.250.66.75,https://example.com/campaign/4665,marketing@company.com,template_1
user1775@example.org,2025-01-06 08:57:25,Campaign Subject 20,<b50e9c41@server>,invalid,Message sent,tag_7,39.181.105.196,https://example.com/campaign/8619,marketing@company.com,template_1
user6550@example.org,2025-01-06 07:28:25,Campaign Subject 5,<d31da82e@server>,delivered,Message sent,tag_5,22.65.210.19,https://example.com/campaign/5112,marketing@company.com,template_4
user4631@gmail.com,2025-01-06 06:43:25,Campaign Subject 1,<196ebf64@server>,invalid,Message sent,tag_4,99.123.76.248,https://example.com/campaign/1173,marketing@company.com,template_4
